description,filename,filepath,product_id
null,81TtgFNJrGL418552.7848438508,https://m.media-amazon.com/images/I/81TtgFNJrGL.jpg,1119
null,718hIUhKzeL3009507.5195764354,https://m.media-amazon.com/images/I/718hIUhKzeL.jpg,1120
null,61wYl1RtGOL9231957.982710768,https://m.media-amazon.com/images/I/61wYl1RtGOL.jpg,1121
null,71jTFnk7XiL1121920.5005176326,https://m.media-amazon.com/images/I/71jTFnk7XiL.jpg,1122
null,71+1lOl1Y1L3856614.2669947776,https://m.media-amazon.com/images/I/71+1lOl1Y1L.jpg,1123
null,71g9X7W9K3L966393.0748943362,https://m.media-amazon.com/images/I/71g9X7W9K3L.jpg,1124
null,81zcUyiNcUL334720.8708901839,https://m.media-amazon.com/images/I/81zcUyiNcUL.jpg,1125
null,71JqyTBiXrL6184326.879878803,https://m.media-amazon.com/images/I/71JqyTBiXrL.jpg,1126
null,81sq-a+suJL9319206.402410729,https://m.media-amazon.com/images/I/81sq-a+suJL.jpg,1127
null,415G0bg-hiL3753686.5385182328,https://m.media-amazon.com/images/I/415G0bg-hiL.jpg,1128
null,71CR6drcruL8264185.217663555,https://m.media-amazon.com/images/I/71CR6drcruL.jpg,1129
null,71PRmI5eCqL177904.29485340597,https://m.media-amazon.com/images/I/71PRmI5eCqL.jpg,1130
null,713RkW3M4IL6384784.895089229,https://m.media-amazon.com/images/I/713RkW3M4IL.jpg,1131
null,61wYl1RtGOL6446907.564543387,https://m.media-amazon.com/images/I/61wYl1RtGOL.jpg,1132
null,819hAP4xoGS2203194.004285389,https://m.media-amazon.com/images/I/819hAP4xoGS.jpg,1133
null,71tXLOE7wIL9287802.797393851,https://m.media-amazon.com/images/I/71tXLOE7wIL.jpg,1134
null,91pjZAMbEUS7125700.052867714,https://m.media-amazon.com/images/I/91pjZAMbEUS.jpg,1135
null,71ctRE34RuL5204137.385765131,https://m.media-amazon.com/images/I/71ctRE34RuL.jpg,1136
null,6142LSpf6xL6765895.0285637975,https://m.media-amazon.com/images/I/6142LSpf6xL.jpg,1137
null,814KnXVtcsL6635447.518282147,https://m.media-amazon.com/images/I/814KnXVtcsL.jpg,1138
null,71v0BQo8T8L271303.43483533716,https://m.media-amazon.com/images/I/71v0BQo8T8L.jpg,1139
null,71k1LmLaj4L95380.19149186283,https://m.media-amazon.com/images/I/71k1LmLaj4L.jpg,1140
null,81J9wwm9WxL6877218.0877416255,https://m.media-amazon.com/images/I/81J9wwm9WxL.jpg,1141
null,71gx1HNTj1L2047133.1065499121,https://m.media-amazon.com/images/I/71gx1HNTj1L.jpg,1142
null,81K1NR+8WjL8030137.202403758,https://m.media-amazon.com/images/I/81K1NR+8WjL.jpg,1143
null,61e2XEOJLGL6037076.145519222,https://m.media-amazon.com/images/I/61e2XEOJLGL.jpg,1144
null,71FLsWWmE8L8347590.125933764,https://m.media-amazon.com/images/I/71FLsWWmE8L.jpg,1145
null,71pvhTrmZDL7318970.931085933,https://m.media-amazon.com/images/I/71pvhTrmZDL.jpg,1146
null,813Nab75aQL7786290.253348942,https://m.media-amazon.com/images/I/813Nab75aQL.jpg,1147
null,71ZEPs9Y7CL3809654.567924241,https://m.media-amazon.com/images/I/71ZEPs9Y7CL.jpg,1148
null,71Sp6M--UpL59049.198058740425,https://m.media-amazon.com/images/I/71Sp6M--UpL.jpg,1149
null,71uu-S9fsCL4536857.740087241,https://m.media-amazon.com/images/I/71uu-S9fsCL.jpg,1150
null,815cAIRfKjL5343002.155078462,https://m.media-amazon.com/images/I/815cAIRfKjL.jpg,1151
null,815cAIRfKjL5549795.540806184,https://m.media-amazon.com/images/I/815cAIRfKjL.jpg,1152
null,71Sp6M--UpL1590096.3150233482,https://m.media-amazon.com/images/I/71Sp6M--UpL.jpg,1153
null,61wgnuIJDEL3161286.2288960274,https://m.media-amazon.com/images/I/61wgnuIJDEL.jpg,1154
null,711+0tgn+6L3537191.392369321,https://m.media-amazon.com/images/I/711+0tgn+6L.jpg,1155
null,91CnBmI3G8L2393609.883051717,https://m.media-amazon.com/images/I/91CnBmI3G8L.jpg,1156
null,81XtkiVBYxL6086620.475460458,https://m.media-amazon.com/images/I/81XtkiVBYxL.jpg,1157
null,71Q9lRFU4VL1667304.1235984387,https://m.media-amazon.com/images/I/71Q9lRFU4VL.jpg,1158
null,51pwqs5xEcL1117439.3310445808,https://m.media-amazon.com/images/I/51pwqs5xEcL.jpg,1159
null,71AGOX9MORL4798838.906280163,https://m.media-amazon.com/images/I/71AGOX9MORL.jpg,1160
null,61pskHRSN2L7736582.574546498,https://m.media-amazon.com/images/I/61pskHRSN2L.jpg,1161
null,71CKGX0iXPS3681142.40212982,https://m.media-amazon.com/images/I/71CKGX0iXPS.jpg,1162
null,51dBcW+NXPL2641492.2119314354,https://m.media-amazon.com/images/I/51dBcW+NXPL.jpg,1163
null,71TOJXChXtL178466.3496490535,https://m.media-amazon.com/images/I/71TOJXChXtL.jpg,1164
null,713WJz2wXLL2806517.8113302714,https://m.media-amazon.com/images/I/713WJz2wXLL.jpg,1165
null,71uu-S9fsCL6051087.647852747,https://m.media-amazon.com/images/I/71uu-S9fsCL.jpg,1166
null,61wYl1RtGOL3325832.949484704,https://m.media-amazon.com/images/I/61wYl1RtGOL.jpg,1167
null,71PRmI5eCqL7685781.80314563,https://m.media-amazon.com/images/I/71PRmI5eCqL.jpg,1168
null,61m8rRc8RfL9004162.978734998,https://m.media-amazon.com/images/I/61m8rRc8RfL.jpg,1169
null,41jLIFi2GXS1634449.6750376236,https://m.media-amazon.com/images/I/41jLIFi2GXS.jpg,1170
null,71TOJXChXtL3532628.2729846947,https://m.media-amazon.com/images/I/71TOJXChXtL.jpg,1171
null,71Qp4khq-1L6173485.929112652,https://m.media-amazon.com/images/I/71Qp4khq-1L.jpg,1172
null,81F1YLvNwEL8562267.367163626,https://m.media-amazon.com/images/I/81F1YLvNwEL.jpg,1173
null,71FpoBA7ZcL5046706.3504407285,https://m.media-amazon.com/images/I/71FpoBA7ZcL.jpg,1174
null,817tGjvKfWL2428126.797287915,https://m.media-amazon.com/images/I/817tGjvKfWL.jpg,1175
null,91NkPe-lM3L9844447.714007983,https://m.media-amazon.com/images/I/91NkPe-lM3L.jpg,1176
null,81jIGNqTjmL3117797.587030815,https://m.media-amazon.com/images/I/81jIGNqTjmL.jpg,1177
null,71+LIOKehyL8281127.670124813,https://m.media-amazon.com/images/I/71+LIOKehyL.jpg,1178
null,51iazuN-+TL3192991.6946832226,https://m.media-amazon.com/images/I/51iazuN-+TL.jpg,1179
null,71Mt4JAZQtL3727805.961084851,https://m.media-amazon.com/images/I/71Mt4JAZQtL.jpg,1180
null,71PRmI5eCqL4296323.9885782525,https://m.media-amazon.com/images/I/71PRmI5eCqL.jpg,1181
null,71L6HDQ211L6046688.429963718,https://m.media-amazon.com/images/I/71L6HDQ211L.jpg,1182
null,812VbscUxiL3295619.7616809546,https://m.media-amazon.com/images/I/812VbscUxiL.jpg,1183
null,815cAIRfKjL2000026.7077292476,https://m.media-amazon.com/images/I/815cAIRfKjL.jpg,1184
null,713RkW3M4IL4124760.4279884985,https://m.media-amazon.com/images/I/713RkW3M4IL.jpg,1185
null,71uu-S9fsCL5432898.33555086,https://m.media-amazon.com/images/I/71uu-S9fsCL.jpg,1186
null,71jTFnk7XiL4180671.764563988,https://m.media-amazon.com/images/I/71jTFnk7XiL.jpg,1187
null,71+1lOl1Y1L2641439.175030218,https://m.media-amazon.com/images/I/71+1lOl1Y1L.jpg,1188
null,71g9X7W9K3L1072821.0960444561,https://m.media-amazon.com/images/I/71g9X7W9K3L.jpg,1189
null,81zcUyiNcUL5480080.915876042,https://m.media-amazon.com/images/I/81zcUyiNcUL.jpg,1190
null,71JqyTBiXrL4846479.986991152,https://m.media-amazon.com/images/I/71JqyTBiXrL.jpg,1191
null,81sq-a+suJL1469731.623626349,https://m.media-amazon.com/images/I/81sq-a+suJL.jpg,1192
null,415G0bg-hiL1758510.0318713542,https://m.media-amazon.com/images/I/415G0bg-hiL.jpg,1193
null,71CR6drcruL3849119.1126489067,https://m.media-amazon.com/images/I/71CR6drcruL.jpg,1194
null,71Sp6M--UpL8755233.972825143,https://m.media-amazon.com/images/I/71Sp6M--UpL.jpg,1195
null,71PRmI5eCqL8460622.718682542,https://m.media-amazon.com/images/I/71PRmI5eCqL.jpg,1196
null,71ZEPs9Y7CL1876402.566348585,https://m.media-amazon.com/images/I/71ZEPs9Y7CL.jpg,1197
null,819hAP4xoGS5227485.404951584,https://m.media-amazon.com/images/I/819hAP4xoGS.jpg,1198
null,71tXLOE7wIL8659645.330886392,https://m.media-amazon.com/images/I/71tXLOE7wIL.jpg,1199
null,91pjZAMbEUS973558.0626927365,https://m.media-amazon.com/images/I/91pjZAMbEUS.jpg,1200
null,71ctRE34RuL4554115.263205933,https://m.media-amazon.com/images/I/71ctRE34RuL.jpg,1201
null,6142LSpf6xL9655925.977729863,https://m.media-amazon.com/images/I/6142LSpf6xL.jpg,1202
null,814KnXVtcsL9494748.75654239,https://m.media-amazon.com/images/I/814KnXVtcsL.jpg,1203
null,71v0BQo8T8L6636428.568645927,https://m.media-amazon.com/images/I/71v0BQo8T8L.jpg,1204
null,71k1LmLaj4L3154968.098371744,https://m.media-amazon.com/images/I/71k1LmLaj4L.jpg,1205
null,81J9wwm9WxL5363100.440458462,https://m.media-amazon.com/images/I/81J9wwm9WxL.jpg,1206
null,71gx1HNTj1L6832728.355549926,https://m.media-amazon.com/images/I/71gx1HNTj1L.jpg,1207
null,81K1NR+8WjL5544704.444787048,https://m.media-amazon.com/images/I/81K1NR+8WjL.jpg,1208
null,61e2XEOJLGL1232204.1838900754,https://m.media-amazon.com/images/I/61e2XEOJLGL.jpg,1209
null,71FLsWWmE8L6757260.332550988,https://m.media-amazon.com/images/I/71FLsWWmE8L.jpg,1210
null,71pvhTrmZDL4332867.1677899575,https://m.media-amazon.com/images/I/71pvhTrmZDL.jpg,1211
null,813Nab75aQL4421417.384169084,https://m.media-amazon.com/images/I/813Nab75aQL.jpg,1212
null,71ZEPs9Y7CL4413057.703671539,https://m.media-amazon.com/images/I/71ZEPs9Y7CL.jpg,1213
null,812VbscUxiL8549338.977762217,https://m.media-amazon.com/images/I/812VbscUxiL.jpg,1214
null,61fb2UmHdxL6016346.188684883,https://m.media-amazon.com/images/I/61fb2UmHdxL.jpg,1215
null,815cAIRfKjL8941560.936340904,https://m.media-amazon.com/images/I/815cAIRfKjL.jpg,1216
null,81TtgFNJrGL969309.3494657945,https://m.media-amazon.com/images/I/81TtgFNJrGL.jpg,1217
null,71vMoUckwLL6634771.852818042,https://m.media-amazon.com/images/I/71vMoUckwLL.jpg,1218
null,71iQ5Tk45WL1532131.3042574048,https://m.media-amazon.com/images/I/71iQ5Tk45WL.jpg,1219
null,71jTFnk7XiL5499431.316023926,https://m.media-amazon.com/images/I/71jTFnk7XiL.jpg,1220
null,71+1lOl1Y1L3183241.951821896,https://m.media-amazon.com/images/I/71+1lOl1Y1L.jpg,1221
null,71g9X7W9K3L7102178.518951732,https://m.media-amazon.com/images/I/71g9X7W9K3L.jpg,1222
null,81zcUyiNcUL423333.19491460355,https://m.media-amazon.com/images/I/81zcUyiNcUL.jpg,1223
null,71JqyTBiXrL5634715.3961250605,https://m.media-amazon.com/images/I/71JqyTBiXrL.jpg,1224
null,81sq-a+suJL8347050.45492576,https://m.media-amazon.com/images/I/81sq-a+suJL.jpg,1225
null,415G0bg-hiL1545156.1381414768,https://m.media-amazon.com/images/I/415G0bg-hiL.jpg,1226
null,71CR6drcruL6720125.171580651,https://m.media-amazon.com/images/I/71CR6drcruL.jpg,1227
null,71iQ5Tk45WL31083.13535833851,https://m.media-amazon.com/images/I/71iQ5Tk45WL.jpg,1228
null,71eMQCrUH9L9417438.574751336,https://m.media-amazon.com/images/I/71eMQCrUH9L.jpg,1229
null,71mMMV4oCyL6433921.54227606,https://m.media-amazon.com/images/I/71mMMV4oCyL.jpg,1230
null,819hAP4xoGS5415345.907721694,https://m.media-amazon.com/images/I/819hAP4xoGS.jpg,1231
null,71tXLOE7wIL9708737.717713842,https://m.media-amazon.com/images/I/71tXLOE7wIL.jpg,1232
null,91pjZAMbEUS3214902.254529677,https://m.media-amazon.com/images/I/91pjZAMbEUS.jpg,1233
null,71ctRE34RuL8607210.424435357,https://m.media-amazon.com/images/I/71ctRE34RuL.jpg,1234
null,6142LSpf6xL2103495.8372590416,https://m.media-amazon.com/images/I/6142LSpf6xL.jpg,1235
null,814KnXVtcsL135196.91583079085,https://m.media-amazon.com/images/I/814KnXVtcsL.jpg,1236
null,71v0BQo8T8L638151.2015071422,https://m.media-amazon.com/images/I/71v0BQo8T8L.jpg,1237
null,71k1LmLaj4L3522969.7384144366,https://m.media-amazon.com/images/I/71k1LmLaj4L.jpg,1238
null,81J9wwm9WxL3134283.7121051727,https://m.media-amazon.com/images/I/81J9wwm9WxL.jpg,1239
null,71gx1HNTj1L1545096.0964521165,https://m.media-amazon.com/images/I/71gx1HNTj1L.jpg,1240
null,81K1NR+8WjL3873770.1351081124,https://m.media-amazon.com/images/I/81K1NR+8WjL.jpg,1241
null,61e2XEOJLGL9575090.157826606,https://m.media-amazon.com/images/I/61e2XEOJLGL.jpg,1242
null,71FLsWWmE8L8713503.448019007,https://m.media-amazon.com/images/I/71FLsWWmE8L.jpg,1243
null,71pvhTrmZDL9471584.277698455,https://m.media-amazon.com/images/I/71pvhTrmZDL.jpg,1244
null,813Nab75aQL6202258.448327662,https://m.media-amazon.com/images/I/813Nab75aQL.jpg,1245
null,71mMMV4oCyL4494492.478185077,https://m.media-amazon.com/images/I/71mMMV4oCyL.jpg,1246
null,61HTK2fsTFL9586720.107890572,https://m.media-amazon.com/images/I/61HTK2fsTFL.jpg,1247
null,61TvWKCQy1L7344701.808332088,https://m.media-amazon.com/images/I/61TvWKCQy1L.jpg,1248
null,815cAIRfKjL3677588.8132515,https://m.media-amazon.com/images/I/815cAIRfKjL.jpg,1249
null,713RkW3M4IL1157103.7497482828,https://m.media-amazon.com/images/I/713RkW3M4IL.jpg,1250
null,71Sp6M--UpL5062473.192676085,https://m.media-amazon.com/images/I/71Sp6M--UpL.jpg,1251
null,61wgnuIJDEL2802846.982335445,https://m.media-amazon.com/images/I/61wgnuIJDEL.jpg,1252
null,711+0tgn+6L9520142.831212409,https://m.media-amazon.com/images/I/711+0tgn+6L.jpg,1253
null,91CnBmI3G8L8360697.89697353,https://m.media-amazon.com/images/I/91CnBmI3G8L.jpg,1254
null,81XtkiVBYxL5881545.356347499,https://m.media-amazon.com/images/I/81XtkiVBYxL.jpg,1255
null,71Q9lRFU4VL9620590.127627086,https://m.media-amazon.com/images/I/71Q9lRFU4VL.jpg,1256
null,51pwqs5xEcL1371459.094982972,https://m.media-amazon.com/images/I/51pwqs5xEcL.jpg,1257
null,71AGOX9MORL2260648.8849678286,https://m.media-amazon.com/images/I/71AGOX9MORL.jpg,1258
null,61pskHRSN2L1835137.8313609378,https://m.media-amazon.com/images/I/61pskHRSN2L.jpg,1259
null,71CKGX0iXPS7507008.760732761,https://m.media-amazon.com/images/I/71CKGX0iXPS.jpg,1260
null,51dBcW+NXPL2680179.7880311096,https://m.media-amazon.com/images/I/51dBcW+NXPL.jpg,1261
null,71TOJXChXtL6697190.966011159,https://m.media-amazon.com/images/I/71TOJXChXtL.jpg,1262
null,713WJz2wXLL7938914.606771908,https://m.media-amazon.com/images/I/713WJz2wXLL.jpg,1263
null,71uu-S9fsCL9427456.045597045,https://m.media-amazon.com/images/I/71uu-S9fsCL.jpg,1264
null,61TvWKCQy1L2725248.137195118,https://m.media-amazon.com/images/I/61TvWKCQy1L.jpg,1265
null,61HTK2fsTFL7275063.136930817,https://m.media-amazon.com/images/I/61HTK2fsTFL.jpg,1266
null,61m8rRc8RfL3073473.7244793563,https://m.media-amazon.com/images/I/61m8rRc8RfL.jpg,1267
null,41jLIFi2GXS9916751.65073637,https://m.media-amazon.com/images/I/41jLIFi2GXS.jpg,1268
null,71TOJXChXtL884561.0781973879,https://m.media-amazon.com/images/I/71TOJXChXtL.jpg,1269
null,71Qp4khq-1L7181143.044281812,https://m.media-amazon.com/images/I/71Qp4khq-1L.jpg,1270
null,81F1YLvNwEL3101740.4117513793,https://m.media-amazon.com/images/I/81F1YLvNwEL.jpg,1271
null,71FpoBA7ZcL2215790.537227267,https://m.media-amazon.com/images/I/71FpoBA7ZcL.jpg,1272
null,817tGjvKfWL3492681.751702722,https://m.media-amazon.com/images/I/817tGjvKfWL.jpg,1273
null,91NkPe-lM3L7822941.782044981,https://m.media-amazon.com/images/I/91NkPe-lM3L.jpg,1274
null,81jIGNqTjmL5643839.770925043,https://m.media-amazon.com/images/I/81jIGNqTjmL.jpg,1275
null,71+LIOKehyL5816437.425149772,https://m.media-amazon.com/images/I/71+LIOKehyL.jpg,1276
null,51iazuN-+TL8508790.926738953,https://m.media-amazon.com/images/I/51iazuN-+TL.jpg,1277
null,71Mt4JAZQtL283181.7510796042,https://m.media-amazon.com/images/I/71Mt4JAZQtL.jpg,1278
null,71ZEPs9Y7CL7818387.084064633,https://m.media-amazon.com/images/I/71ZEPs9Y7CL.jpg,1279
null,71L6HDQ211L578246.6608835412,https://m.media-amazon.com/images/I/71L6HDQ211L.jpg,1280
null,71b5rSpaQyL2337228.9349983144,https://m.media-amazon.com/images/I/71b5rSpaQyL.jpg,1281
null,815cAIRfKjL5148435.136996561,https://m.media-amazon.com/images/I/815cAIRfKjL.jpg,1282
null,713RkW3M4IL5444549.01068895,https://m.media-amazon.com/images/I/713RkW3M4IL.jpg,1283
null,71uu-S9fsCL1381364.3928218444,https://m.media-amazon.com/images/I/71uu-S9fsCL.jpg,1284
null,71jTFnk7XiL4026719.4176461585,https://m.media-amazon.com/images/I/71jTFnk7XiL.jpg,1285
null,71+1lOl1Y1L8094101.379206511,https://m.media-amazon.com/images/I/71+1lOl1Y1L.jpg,1286
null,71g9X7W9K3L242808.53499568434,https://m.media-amazon.com/images/I/71g9X7W9K3L.jpg,1287
null,81zcUyiNcUL4761823.52111342,https://m.media-amazon.com/images/I/81zcUyiNcUL.jpg,1288
null,71JqyTBiXrL5838488.6424518805,https://m.media-amazon.com/images/I/71JqyTBiXrL.jpg,1289
null,81sq-a+suJL370735.71106461587,https://m.media-amazon.com/images/I/81sq-a+suJL.jpg,1290
null,415G0bg-hiL7600262.939590161,https://m.media-amazon.com/images/I/415G0bg-hiL.jpg,1291
null,71CR6drcruL6728471.856151021,https://m.media-amazon.com/images/I/71CR6drcruL.jpg,1292
null,71yEtz7yTyL7941275.397941358,https://m.media-amazon.com/images/I/71yEtz7yTyL.jpg,1293
null,71Sp6M--UpL5947641.819243958,https://m.media-amazon.com/images/I/71Sp6M--UpL.jpg,1294
null,61TvWKCQy1L8385274.557874931,https://m.media-amazon.com/images/I/61TvWKCQy1L.jpg,1295
null,819hAP4xoGS9495502.32011752,https://m.media-amazon.com/images/I/819hAP4xoGS.jpg,1296
null,71tXLOE7wIL3173057.4148882427,https://m.media-amazon.com/images/I/71tXLOE7wIL.jpg,1297
null,91pjZAMbEUS8945572.966833178,https://m.media-amazon.com/images/I/91pjZAMbEUS.jpg,1298
null,71ctRE34RuL7027501.160506829,https://m.media-amazon.com/images/I/71ctRE34RuL.jpg,1299
null,6142LSpf6xL5450620.509184834,https://m.media-amazon.com/images/I/6142LSpf6xL.jpg,1300
null,814KnXVtcsL8842742.00025382,https://m.media-amazon.com/images/I/814KnXVtcsL.jpg,1301
null,71v0BQo8T8L4726525.807462707,https://m.media-amazon.com/images/I/71v0BQo8T8L.jpg,1302
null,71k1LmLaj4L4231629.173782394,https://m.media-amazon.com/images/I/71k1LmLaj4L.jpg,1303
null,81J9wwm9WxL5770874.633623899,https://m.media-amazon.com/images/I/81J9wwm9WxL.jpg,1304
null,71gx1HNTj1L2762437.761350964,https://m.media-amazon.com/images/I/71gx1HNTj1L.jpg,1305
null,81K1NR+8WjL6530784.785547028,https://m.media-amazon.com/images/I/81K1NR+8WjL.jpg,1306
null,61e2XEOJLGL4500110.790860663,https://m.media-amazon.com/images/I/61e2XEOJLGL.jpg,1307
null,71FLsWWmE8L2247533.4585477035,https://m.media-amazon.com/images/I/71FLsWWmE8L.jpg,1308
null,71pvhTrmZDL1314697.6377028509,https://m.media-amazon.com/images/I/71pvhTrmZDL.jpg,1309
null,813Nab75aQL4238185.716328901,https://m.media-amazon.com/images/I/813Nab75aQL.jpg,1310
null,71L6HDQ211L4179288.885673058,https://m.media-amazon.com/images/I/71L6HDQ211L.jpg,1311
null,61HTK2fsTFL323595.48905724677,https://m.media-amazon.com/images/I/61HTK2fsTFL.jpg,1312
null,71yEtz7yTyL1909997.0675230483,https://m.media-amazon.com/images/I/71yEtz7yTyL.jpg,1313
null,815cAIRfKjL9112597.101650825,https://m.media-amazon.com/images/I/815cAIRfKjL.jpg,1314
null,815cAIRfKjL6864739.531987714,https://m.media-amazon.com/images/I/815cAIRfKjL.jpg,1315
null,61wgnuIJDEL1416936.6573160947,https://m.media-amazon.com/images/I/61wgnuIJDEL.jpg,1316
null,711+0tgn+6L1324271.3264467397,https://m.media-amazon.com/images/I/711+0tgn+6L.jpg,1317
null,91CnBmI3G8L4783118.964219559,https://m.media-amazon.com/images/I/91CnBmI3G8L.jpg,1318
null,81XtkiVBYxL5609093.110653169,https://m.media-amazon.com/images/I/81XtkiVBYxL.jpg,1319
null,71Q9lRFU4VL8943165.074767726,https://m.media-amazon.com/images/I/71Q9lRFU4VL.jpg,1320
null,51pwqs5xEcL3831513.073567736,https://m.media-amazon.com/images/I/51pwqs5xEcL.jpg,1321
null,71AGOX9MORL7306557.942352616,https://m.media-amazon.com/images/I/71AGOX9MORL.jpg,1322
null,61pskHRSN2L7994015.089486508,https://m.media-amazon.com/images/I/61pskHRSN2L.jpg,1323
null,71CKGX0iXPS3065743.718566738,https://m.media-amazon.com/images/I/71CKGX0iXPS.jpg,1324
null,51dBcW+NXPL3643529.6819010274,https://m.media-amazon.com/images/I/51dBcW+NXPL.jpg,1325
null,71TOJXChXtL2032871.2751652934,https://m.media-amazon.com/images/I/71TOJXChXtL.jpg,1326
null,713WJz2wXLL9606981.863551391,https://m.media-amazon.com/images/I/713WJz2wXLL.jpg,1327
null,71uu-S9fsCL586451.3006198213,https://m.media-amazon.com/images/I/71uu-S9fsCL.jpg,1328
null,71Sp6M--UpL4622616.889490736,https://m.media-amazon.com/images/I/71Sp6M--UpL.jpg,1329
null,61TvWKCQy1L6082562.565327015,https://m.media-amazon.com/images/I/61TvWKCQy1L.jpg,1330
null,61m8rRc8RfL3279290.704050952,https://m.media-amazon.com/images/I/61m8rRc8RfL.jpg,1331
null,41jLIFi2GXS9430464.619112771,https://m.media-amazon.com/images/I/41jLIFi2GXS.jpg,1332
null,71TOJXChXtL4346212.958128484,https://m.media-amazon.com/images/I/71TOJXChXtL.jpg,1333
null,71Qp4khq-1L7568158.831912088,https://m.media-amazon.com/images/I/71Qp4khq-1L.jpg,1334
null,81F1YLvNwEL6844529.034587308,https://m.media-amazon.com/images/I/81F1YLvNwEL.jpg,1335
null,71FpoBA7ZcL3147628.50118794,https://m.media-amazon.com/images/I/71FpoBA7ZcL.jpg,1336
null,817tGjvKfWL5388233.095312754,https://m.media-amazon.com/images/I/817tGjvKfWL.jpg,1337
null,91NkPe-lM3L609013.4689096183,https://m.media-amazon.com/images/I/91NkPe-lM3L.jpg,1338
null,81jIGNqTjmL3682988.4727263385,https://m.media-amazon.com/images/I/81jIGNqTjmL.jpg,1339
null,71+LIOKehyL1380809.5721597092,https://m.media-amazon.com/images/I/71+LIOKehyL.jpg,1340
null,51iazuN-+TL6725219.014377597,https://m.media-amazon.com/images/I/51iazuN-+TL.jpg,1341
null,71Mt4JAZQtL7238436.53815127,https://m.media-amazon.com/images/I/71Mt4JAZQtL.jpg,1342
null,71ZEPs9Y7CL6034858.459918482,https://m.media-amazon.com/images/I/71ZEPs9Y7CL.jpg,1343
null,71L6HDQ211L4991859.623578652,https://m.media-amazon.com/images/I/71L6HDQ211L.jpg,1344
null,61HTK2fsTFL7449425.256602251,https://m.media-amazon.com/images/I/61HTK2fsTFL.jpg,1345
null,71yEtz7yTyL6396337.43718027,https://m.media-amazon.com/images/I/71yEtz7yTyL.jpg,1346
null,815cAIRfKjL9706103.953016661,https://m.media-amazon.com/images/I/815cAIRfKjL.jpg,1347
null,713RkW3M4IL9116767.179957043,https://m.media-amazon.com/images/I/713RkW3M4IL.jpg,1348
null,71jTFnk7XiL5191857.050915507,https://m.media-amazon.com/images/I/71jTFnk7XiL.jpg,1349
null,71+1lOl1Y1L296112.9636615478,https://m.media-amazon.com/images/I/71+1lOl1Y1L.jpg,1350
null,71g9X7W9K3L3356921.969166342,https://m.media-amazon.com/images/I/71g9X7W9K3L.jpg,1351
null,81zcUyiNcUL7610467.35783314,https://m.media-amazon.com/images/I/81zcUyiNcUL.jpg,1352
null,71JqyTBiXrL4407108.239700424,https://m.media-amazon.com/images/I/71JqyTBiXrL.jpg,1353
null,81sq-a+suJL6248526.914076358,https://m.media-amazon.com/images/I/81sq-a+suJL.jpg,1354
null,415G0bg-hiL2249828.452668587,https://m.media-amazon.com/images/I/415G0bg-hiL.jpg,1355
null,71CR6drcruL8100706.172159493,https://m.media-amazon.com/images/I/71CR6drcruL.jpg,1356
null,71uu-S9fsCL9131359.504819442,https://m.media-amazon.com/images/I/71uu-S9fsCL.jpg,1357
null,71Sp6M--UpL8771097.746842945,https://m.media-amazon.com/images/I/71Sp6M--UpL.jpg,1358
null,61TvWKCQy1L2519548.0095607834,https://m.media-amazon.com/images/I/61TvWKCQy1L.jpg,1359
null,819hAP4xoGS116927.86048052018,https://m.media-amazon.com/images/I/819hAP4xoGS.jpg,1360
null,71tXLOE7wIL5113226.679477687,https://m.media-amazon.com/images/I/71tXLOE7wIL.jpg,1361
null,91pjZAMbEUS2702364.1044729296,https://m.media-amazon.com/images/I/91pjZAMbEUS.jpg,1362
null,71ctRE34RuL1381256.6207788303,https://m.media-amazon.com/images/I/71ctRE34RuL.jpg,1363
null,6142LSpf6xL521957.0836495646,https://m.media-amazon.com/images/I/6142LSpf6xL.jpg,1364
null,814KnXVtcsL6620993.312684604,https://m.media-amazon.com/images/I/814KnXVtcsL.jpg,1365
null,71v0BQo8T8L9789637.85054186,https://m.media-amazon.com/images/I/71v0BQo8T8L.jpg,1366
null,71aBWpq3-uL3822497.3518433436,https://m.media-amazon.com/images/I/71aBWpq3-uL.jpg,1367
null,71VEccvirEL9858793.251160052,https://m.media-amazon.com/images/I/71VEccvirEL.jpg,1368
null,51yQZVfP7BS4516859.244216711,https://m.media-amazon.com/images/I/51yQZVfP7BS.jpg,1369
null,51aUHrUHq-L2846684.0520673944,https://m.media-amazon.com/images/I/51aUHrUHq-L.jpg,1370
null,41GM+FKwXpL7223162.7413396975,https://m.media-amazon.com/images/I/41GM+FKwXpL.jpg,1371
null,61J5Oz1CA9L7545342.190061164,https://m.media-amazon.com/images/I/61J5Oz1CA9L.jpg,1372
null,71LBqYGzBrL7198117.866245741,https://m.media-amazon.com/images/I/71LBqYGzBrL.jpg,1373
null,61eEMFP2HfL8104662.454069513,https://m.media-amazon.com/images/I/61eEMFP2HfL.jpg,1374
null,81ya-I8k1tL8484657.303193575,https://m.media-amazon.com/images/I/81ya-I8k1tL.jpg,1375
null,61LmV2Bq7CS8541489.09526631,https://m.media-amazon.com/images/I/61LmV2Bq7CS.jpg,1376
null,41EqPxSRKhL7032380.487293062,https://m.media-amazon.com/images/I/41EqPxSRKhL.jpg,1377
null,61Z9+l2VotL1797747.2950982775,https://m.media-amazon.com/images/I/61Z9+l2VotL.jpg,1378
null,41wW-0TVo1L5447292.981614136,https://m.media-amazon.com/images/I/41wW-0TVo1L.jpg,1379
null,615YipeumnL1593573.262045622,https://m.media-amazon.com/images/I/615YipeumnL.jpg,1380
null,61txXqoc67L2760497.8701656256,https://m.media-amazon.com/images/I/61txXqoc67L.jpg,1381
null,61p2N9v20+L2265816.3704609023,https://m.media-amazon.com/images/I/61p2N9v20+L.jpg,1382
null,71VJFeBRezL6339712.810857621,https://m.media-amazon.com/images/I/71VJFeBRezL.jpg,1383
null,71VEccvirEL7354875.875763282,https://m.media-amazon.com/images/I/71VEccvirEL.jpg,1384
null,71llqqSTrVL6340058.19186989,https://m.media-amazon.com/images/I/71llqqSTrVL.jpg,1385
null,71pmB6aaZOL4983844.2563619865,https://m.media-amazon.com/images/I/71pmB6aaZOL.jpg,1386
null,71qPgS2SfXL3908799.555454421,https://m.media-amazon.com/images/I/71qPgS2SfXL.jpg,1387
null,71BjTRukTTL6142196.1257911865,https://m.media-amazon.com/images/I/71BjTRukTTL.jpg,1388
null,612D8euFf6L9515750.565288318,https://m.media-amazon.com/images/I/612D8euFf6L.jpg,1389
null,71XHPuLiHVL7632504.89948192,https://m.media-amazon.com/images/I/71XHPuLiHVL.jpg,1390
null,81lCHvmMXNL4210632.848732872,https://m.media-amazon.com/images/I/81lCHvmMXNL.jpg,1391
null,81vWq6mJVKL4716492.31679739,https://m.media-amazon.com/images/I/81vWq6mJVKL.jpg,1392
null,613cCcxLcrL5560821.863790937,https://m.media-amazon.com/images/I/613cCcxLcrL.jpg,1393
null,61gQGCAWwzL9386855.698731465,https://m.media-amazon.com/images/I/61gQGCAWwzL.jpg,1394
null,81llNL67rrL8617051.275337791,https://m.media-amazon.com/images/I/81llNL67rrL.jpg,1395
null,71Wua1rRkEL2000479.622678475,https://m.media-amazon.com/images/I/71Wua1rRkEL.jpg,1396
null,41-goVzRp5L1967370.9721474063,https://m.media-amazon.com/images/I/41-goVzRp5L.jpg,1397
null,5162EFP6uoL7675192.502718389,https://m.media-amazon.com/images/I/5162EFP6uoL.jpg,1398
null,71KwRajW1DL4687692.27039364,https://m.media-amazon.com/images/I/71KwRajW1DL.jpg,1399
null,81Rh7ImOpYL9123676.066388346,https://m.media-amazon.com/images/I/81Rh7ImOpYL.jpg,1400
null,61cM96AWtnL5009764.592314064,https://m.media-amazon.com/images/I/61cM96AWtnL.jpg,1401
null,51janadm4zL9786729.906003872,https://m.media-amazon.com/images/I/51janadm4zL.jpg,1402
null,31rhpHQXbcL7164985.542350506,https://m.media-amazon.com/images/I/31rhpHQXbcL.jpg,1403
null,711MgPoMoUS6835163.240401368,https://m.media-amazon.com/images/I/711MgPoMoUS.jpg,1404
null,710Q6tUttYS7376865.377499429,https://m.media-amazon.com/images/I/710Q6tUttYS.jpg,1405
null,61jMvouBFTL5502325.599675895,https://m.media-amazon.com/images/I/61jMvouBFTL.jpg,1406
null,51-B-laB-2L3488720.4286327255,https://m.media-amazon.com/images/I/51-B-laB-2L.jpg,1407
null,71Elz62-K2L5289840.284258289,https://m.media-amazon.com/images/I/71Elz62-K2L.jpg,1408
null,71EkPXPybyL127593.19679496395,https://m.media-amazon.com/images/I/71EkPXPybyL.jpg,1409
null,617-A68DZaL3085694.6349960766,https://m.media-amazon.com/images/I/617-A68DZaL.jpg,1410
null,81EFbzAltVL27296.80089318176,https://m.media-amazon.com/images/I/81EFbzAltVL.jpg,1411
null,81ChTbPNGHL1877239.2265536885,https://m.media-amazon.com/images/I/81ChTbPNGHL.jpg,1412
null,91Q3QLRCtDL6162247.569935253,https://m.media-amazon.com/images/I/91Q3QLRCtDL.jpg,1413
null,61BxyOVxo8L1650463.6368860726,https://m.media-amazon.com/images/I/61BxyOVxo8L.jpg,1414
null,41zhzBAr2fL8690385.826287998,https://m.media-amazon.com/images/I/41zhzBAr2fL.jpg,1415
null,61QISnaokkL9155453.512064504,https://m.media-amazon.com/images/I/61QISnaokkL.jpg,1416
null,61xMVqEDG1L7325257.7296643425,https://m.media-amazon.com/images/I/61xMVqEDG1L.jpg,1417
null,51p4Z7CbU3L2583436.3658280955,https://m.media-amazon.com/images/I/51p4Z7CbU3L.jpg,1418
null,51-V9QkpIhL3299163.983484561,https://m.media-amazon.com/images/I/51-V9QkpIhL.jpg,1419
null,51ckAgWjuUL16125.184858739594,https://m.media-amazon.com/images/I/51ckAgWjuUL.jpg,1420
null,81+2lQEsB4L7533186.607771007,https://m.media-amazon.com/images/I/81+2lQEsB4L.jpg,1421
null,51QXXNs5Z9S4587556.192502162,https://m.media-amazon.com/images/I/51QXXNs5Z9S.jpg,1422
null,41rUE2ReupL6979880.62635174,https://m.media-amazon.com/images/I/41rUE2ReupL.jpg,1423
null,410w6UzpWyL2801201.862777272,https://m.media-amazon.com/images/I/410w6UzpWyL.jpg,1424
null,71oF0kIa1-L2343826.694170481,https://m.media-amazon.com/images/I/71oF0kIa1-L.jpg,1425
null,61LFI6LVrdS3534381.950930927,https://m.media-amazon.com/images/I/61LFI6LVrdS.jpg,1426
null,81Rh7ImOpYL4857910.637706761,https://m.media-amazon.com/images/I/81Rh7ImOpYL.jpg,1427
null,51janadm4zL2850190.088674951,https://m.media-amazon.com/images/I/51janadm4zL.jpg,1428
null,61cM96AWtnL6154137.632242795,https://m.media-amazon.com/images/I/61cM96AWtnL.jpg,1429
null,71CUmyhYe2L3579530.3162858263,https://m.media-amazon.com/images/I/71CUmyhYe2L.jpg,1430
null,61zuO12F1PL5791461.593275851,https://m.media-amazon.com/images/I/61zuO12F1PL.jpg,1431
null,71evUMYBlcL1515233.8863621107,https://m.media-amazon.com/images/I/71evUMYBlcL.jpg,1432
null,71FWnuZNE3L4197173.5273506995,https://m.media-amazon.com/images/I/71FWnuZNE3L.jpg,1433
null,815hk3xZ8lL664821.5430732996,https://m.media-amazon.com/images/I/815hk3xZ8lL.jpg,1434
null,71zUbHdzbmL4961584.031803438,https://m.media-amazon.com/images/I/71zUbHdzbmL.jpg,1435
null,81yeMQBB5cL3309442.7345801992,https://m.media-amazon.com/images/I/81yeMQBB5cL.jpg,1436
null,616c0QxY0yL2583940.804972817,https://m.media-amazon.com/images/I/616c0QxY0yL.jpg,1437
null,51QGGW5vv9L3944415.6442326526,https://m.media-amazon.com/images/I/51QGGW5vv9L.jpg,1438
null,A1xpLaLQigL3486669.5320289787,https://m.media-amazon.com/images/I/A1xpLaLQigL.jpg,1439
null,71qO6JZZQML3026670.4158704495,https://m.media-amazon.com/images/I/71qO6JZZQML.jpg,1440
null,71InbrShrrL7850837.516275313,https://m.media-amazon.com/images/I/71InbrShrrL.jpg,1441
null,81NXYXVOBsL319246.54771552153,https://m.media-amazon.com/images/I/81NXYXVOBsL.jpg,1442
null,61kJnl2-mFL1252294.6429729643,https://m.media-amazon.com/images/I/61kJnl2-mFL.jpg,1443
null,71KwRajW1DL3018878.6097379583,https://m.media-amazon.com/images/I/71KwRajW1DL.jpg,1444
null,51pJvGuGnZL5282988.658478269,https://m.media-amazon.com/images/I/51pJvGuGnZL.jpg,1445
null,81mobFPzsvS9982479.52412466,https://m.media-amazon.com/images/I/81mobFPzsvS.jpg,1446
null,71jHAk+ZO6L6027984.39461437,https://m.media-amazon.com/images/I/71jHAk+ZO6L.jpg,1447
null,81yhTMDb1VL9591328.875589615,https://m.media-amazon.com/images/I/81yhTMDb1VL.jpg,1448
null,61tfY72pI+L8024530.385050279,https://m.media-amazon.com/images/I/61tfY72pI+L.jpg,1449
null,71YI+ETehQL2871269.332510522,https://m.media-amazon.com/images/I/71YI+ETehQL.jpg,1450
null,61TM5JyVdYL8526174.209881326,https://m.media-amazon.com/images/I/61TM5JyVdYL.jpg,1451
null,8146gI8s+SL8779598.762186222,https://m.media-amazon.com/images/I/8146gI8s+SL.jpg,1452
null,51k+SRP0NsL4087635.042185287,https://m.media-amazon.com/images/I/51k+SRP0NsL.jpg,1453
null,41Ywqs93XzL4777575.329530732,https://m.media-amazon.com/images/I/41Ywqs93XzL.jpg,1454
null,61x-djWgFPS1727722.5418495145,https://m.media-amazon.com/images/I/61x-djWgFPS.jpg,1455
null,61+E3xUcMnL6762847.6578094745,https://m.media-amazon.com/images/I/61+E3xUcMnL.jpg,1456
null,81V01WqhtFL6503950.213083169,https://m.media-amazon.com/images/I/81V01WqhtFL.jpg,1457
null,81hLE-j5RjL7671134.8948770985,https://m.media-amazon.com/images/I/81hLE-j5RjL.jpg,1458
null,71l3g488VVL3532586.6578050503,https://m.media-amazon.com/images/I/71l3g488VVL.jpg,1459
null,71+MmN95WDL3428184.9291925193,https://m.media-amazon.com/images/I/71+MmN95WDL.jpg,1460
null,71o7TxUqcoL9134138.751880392,https://m.media-amazon.com/images/I/71o7TxUqcoL.jpg,1461
null,61vdW+1n-XL6708836.016518074,https://m.media-amazon.com/images/I/61vdW+1n-XL.jpg,1462
null,61V5d46EYfL6201185.697468627,https://m.media-amazon.com/images/I/61V5d46EYfL.jpg,1463
null,51lx2I-TUdS5220533.242000689,https://m.media-amazon.com/images/I/51lx2I-TUdS.jpg,1464
null,81GSO31SBpL9588046.659733534,https://m.media-amazon.com/images/I/81GSO31SBpL.jpg,1465
null,719V0uXHVmL490802.6939290666,https://m.media-amazon.com/images/I/719V0uXHVmL.jpg,1466
null,61jgdJ-MYUL3811553.224005002,https://m.media-amazon.com/images/I/61jgdJ-MYUL.jpg,1467
null,61ICVSKmG5L2387907.4959364343,https://m.media-amazon.com/images/I/61ICVSKmG5L.jpg,1468
null,7102cNuEccL6721347.255872033,https://m.media-amazon.com/images/I/7102cNuEccL.jpg,1469
null,61m2iChYwWL9477968.005125992,https://m.media-amazon.com/images/I/61m2iChYwWL.jpg,1470
null,51AxWK248EL5544757.30232145,https://m.media-amazon.com/images/I/51AxWK248EL.jpg,1471
null,51e-A6F8uHS1989439.8172217032,https://m.media-amazon.com/images/I/51e-A6F8uHS.jpg,1472
null,61YxxE7s6xL750631.0849921283,https://m.media-amazon.com/images/I/61YxxE7s6xL.jpg,1473
null,41tLPgZLJXL9921047.66554783,https://m.media-amazon.com/images/I/41tLPgZLJXL.jpg,1474
null,71iutapQ1bL3777634.6292159604,https://m.media-amazon.com/images/I/71iutapQ1bL.jpg,1475
null,710h78r8ZEL7871348.017365773,https://m.media-amazon.com/images/I/710h78r8ZEL.jpg,1476
null,714egS4vZqL8182703.011589691,https://m.media-amazon.com/images/I/714egS4vZqL.jpg,1477
null,61UCppCOneL3996301.5691341553,https://m.media-amazon.com/images/I/61UCppCOneL.jpg,1478
null,71hAYw++bnL6111358.237468796,https://m.media-amazon.com/images/I/71hAYw++bnL.jpg,1479
null,61bWXLQZYkL8787741.900385393,https://m.media-amazon.com/images/I/61bWXLQZYkL.jpg,1480
null,71w3gqXM-wL1124099.2156261508,https://m.media-amazon.com/images/I/71w3gqXM-wL.jpg,1481
null,61kVDjDyznL6345227.513073668,https://m.media-amazon.com/images/I/61kVDjDyznL.jpg,1482
null,71KUnEChQYL252753.8912124383,https://m.media-amazon.com/images/I/71KUnEChQYL.jpg,1483
null,71+2jStnDXL3800791.7991721607,https://m.media-amazon.com/images/I/71+2jStnDXL.jpg,1484
null,71CTfhFtphL6763640.156051753,https://m.media-amazon.com/images/I/71CTfhFtphL.jpg,1485
null,71l3g488VVL5084887.220657843,https://m.media-amazon.com/images/I/71l3g488VVL.jpg,1486
null,61kJnl2-mFL6080195.946715885,https://m.media-amazon.com/images/I/61kJnl2-mFL.jpg,1487
null,71KwRajW1DL970918.7924833396,https://m.media-amazon.com/images/I/71KwRajW1DL.jpg,1488
null,81NXYXVOBsL3751555.8811714845,https://m.media-amazon.com/images/I/81NXYXVOBsL.jpg,1489
null,41GM+FKwXpL2234487.563356955,https://m.media-amazon.com/images/I/41GM+FKwXpL.jpg,1490
null,61J5Oz1CA9L9480118.204668168,https://m.media-amazon.com/images/I/61J5Oz1CA9L.jpg,1491
null,71LBqYGzBrL3016624.1983687514,https://m.media-amazon.com/images/I/71LBqYGzBrL.jpg,1492
null,61eEMFP2HfL6445115.445183663,https://m.media-amazon.com/images/I/61eEMFP2HfL.jpg,1493
null,81ya-I8k1tL1136644.7284305536,https://m.media-amazon.com/images/I/81ya-I8k1tL.jpg,1494
null,61LmV2Bq7CS1522918.7666742129,https://m.media-amazon.com/images/I/61LmV2Bq7CS.jpg,1495
null,41EqPxSRKhL9956334.516080065,https://m.media-amazon.com/images/I/41EqPxSRKhL.jpg,1496
null,61Z9+l2VotL7927291.198043251,https://m.media-amazon.com/images/I/61Z9+l2VotL.jpg,1497
null,41wW-0TVo1L5348750.077533448,https://m.media-amazon.com/images/I/41wW-0TVo1L.jpg,1498
null,615YipeumnL1111630.6461584235,https://m.media-amazon.com/images/I/615YipeumnL.jpg,1499
null,61txXqoc67L9246248.700376565,https://m.media-amazon.com/images/I/61txXqoc67L.jpg,1500
null,61p2N9v20+L6067645.728449278,https://m.media-amazon.com/images/I/61p2N9v20+L.jpg,1501
null,71llqqSTrVL4516432.609725818,https://m.media-amazon.com/images/I/71llqqSTrVL.jpg,1502
null,81NXYXVOBsL2775115.359904219,https://m.media-amazon.com/images/I/81NXYXVOBsL.jpg,1503
null,71KwRajW1DL1915803.5093299919,https://m.media-amazon.com/images/I/71KwRajW1DL.jpg,1504
null,81hLE-j5RjL9398547.615367305,https://m.media-amazon.com/images/I/81hLE-j5RjL.jpg,1505
null,71qPgS2SfXL8811111.270500606,https://m.media-amazon.com/images/I/71qPgS2SfXL.jpg,1506
null,71BjTRukTTL4384422.818943421,https://m.media-amazon.com/images/I/71BjTRukTTL.jpg,1507
null,612D8euFf6L1740876.3186834864,https://m.media-amazon.com/images/I/612D8euFf6L.jpg,1508
null,71XHPuLiHVL3164895.834469066,https://m.media-amazon.com/images/I/71XHPuLiHVL.jpg,1509
null,81lCHvmMXNL2324683.9012908516,https://m.media-amazon.com/images/I/81lCHvmMXNL.jpg,1510
null,81vWq6mJVKL523992.3762155696,https://m.media-amazon.com/images/I/81vWq6mJVKL.jpg,1511
null,613cCcxLcrL8676658.90472656,https://m.media-amazon.com/images/I/613cCcxLcrL.jpg,1512
null,61gQGCAWwzL6545894.876939105,https://m.media-amazon.com/images/I/61gQGCAWwzL.jpg,1513
null,71Wua1rRkEL7001577.356954394,https://m.media-amazon.com/images/I/71Wua1rRkEL.jpg,1514
null,41-goVzRp5L982382.858677695,https://m.media-amazon.com/images/I/41-goVzRp5L.jpg,1515
null,5162EFP6uoL6149490.992333002,https://m.media-amazon.com/images/I/5162EFP6uoL.jpg,1516
null,31rhpHQXbcL812960.6502375731,https://m.media-amazon.com/images/I/31rhpHQXbcL.jpg,1517
null,61cM96AWtnL502761.3195176839,https://m.media-amazon.com/images/I/61cM96AWtnL.jpg,1518
null,71l+xUwaLGL6174027.5930447085,https://m.media-amazon.com/images/I/71l+xUwaLGL.jpg,1519
null,51dg3piXiyL206629.03994414172,https://m.media-amazon.com/images/I/51dg3piXiyL.jpg,1520
null,51dg3piXiyL1987329.1669240922,https://m.media-amazon.com/images/I/51dg3piXiyL.jpg,1521
null,711MgPoMoUS6295926.40001545,https://m.media-amazon.com/images/I/711MgPoMoUS.jpg,1522
null,710Q6tUttYS2310727.2881304785,https://m.media-amazon.com/images/I/710Q6tUttYS.jpg,1523
null,61jMvouBFTL3310350.862850597,https://m.media-amazon.com/images/I/61jMvouBFTL.jpg,1524
null,51-B-laB-2L8948124.396311687,https://m.media-amazon.com/images/I/51-B-laB-2L.jpg,1525
null,71Elz62-K2L8042889.111046909,https://m.media-amazon.com/images/I/71Elz62-K2L.jpg,1526
null,71EkPXPybyL4794527.372741966,https://m.media-amazon.com/images/I/71EkPXPybyL.jpg,1527
null,71EkPXPybyL6525264.413972829,https://m.media-amazon.com/images/I/71EkPXPybyL.jpg,1528
null,617-A68DZaL5455195.763996075,https://m.media-amazon.com/images/I/617-A68DZaL.jpg,1529
null,81EFbzAltVL953067.7317867209,https://m.media-amazon.com/images/I/81EFbzAltVL.jpg,1530
null,81ChTbPNGHL7066253.217008324,https://m.media-amazon.com/images/I/81ChTbPNGHL.jpg,1531
null,91Q3QLRCtDL9924626.777494859,https://m.media-amazon.com/images/I/91Q3QLRCtDL.jpg,1532
null,61BxyOVxo8L6353119.082990031,https://m.media-amazon.com/images/I/61BxyOVxo8L.jpg,1533
null,41zhzBAr2fL4875969.792869717,https://m.media-amazon.com/images/I/41zhzBAr2fL.jpg,1534
null,61QISnaokkL1274597.9968406495,https://m.media-amazon.com/images/I/61QISnaokkL.jpg,1535
null,61xMVqEDG1L2765013.901496971,https://m.media-amazon.com/images/I/61xMVqEDG1L.jpg,1536
null,51p4Z7CbU3L8875456.535792952,https://m.media-amazon.com/images/I/51p4Z7CbU3L.jpg,1537
null,51-V9QkpIhL5708506.251686334,https://m.media-amazon.com/images/I/51-V9QkpIhL.jpg,1538
null,51ckAgWjuUL8267394.683504945,https://m.media-amazon.com/images/I/51ckAgWjuUL.jpg,1539
null,81+2lQEsB4L1484552.2905474917,https://m.media-amazon.com/images/I/81+2lQEsB4L.jpg,1540
null,51QXXNs5Z9S7772612.574529212,https://m.media-amazon.com/images/I/51QXXNs5Z9S.jpg,1541
null,41rUE2ReupL437171.7961856159,https://m.media-amazon.com/images/I/41rUE2ReupL.jpg,1542
null,410w6UzpWyL2926275.084167347,https://m.media-amazon.com/images/I/410w6UzpWyL.jpg,1543
null,71oF0kIa1-L6526345.842945127,https://m.media-amazon.com/images/I/71oF0kIa1-L.jpg,1544
null,61LFI6LVrdS4391395.467230388,https://m.media-amazon.com/images/I/61LFI6LVrdS.jpg,1545
null,61cM96AWtnL8053784.869081444,https://m.media-amazon.com/images/I/61cM96AWtnL.jpg,1546
null,81NXYXVOBsL7617033.655698211,https://m.media-amazon.com/images/I/81NXYXVOBsL.jpg,1547
null,71l+xUwaLGL2045104.3410537718,https://m.media-amazon.com/images/I/71l+xUwaLGL.jpg,1548
null,71CUmyhYe2L4634709.609566696,https://m.media-amazon.com/images/I/71CUmyhYe2L.jpg,1549
null,61zuO12F1PL5049711.66219337,https://m.media-amazon.com/images/I/61zuO12F1PL.jpg,1550
null,71evUMYBlcL2212029.524911181,https://m.media-amazon.com/images/I/71evUMYBlcL.jpg,1551
null,71FWnuZNE3L852635.7680905816,https://m.media-amazon.com/images/I/71FWnuZNE3L.jpg,1552
null,815hk3xZ8lL1449832.984597117,https://m.media-amazon.com/images/I/815hk3xZ8lL.jpg,1553
null,71zUbHdzbmL1535363.3297755742,https://m.media-amazon.com/images/I/71zUbHdzbmL.jpg,1554
null,81yeMQBB5cL4941194.948184389,https://m.media-amazon.com/images/I/81yeMQBB5cL.jpg,1555
null,616c0QxY0yL1974190.642091036,https://m.media-amazon.com/images/I/616c0QxY0yL.jpg,1556
null,51QGGW5vv9L3709564.886046266,https://m.media-amazon.com/images/I/51QGGW5vv9L.jpg,1557
null,A1xpLaLQigL9263233.283720795,https://m.media-amazon.com/images/I/A1xpLaLQigL.jpg,1558
null,71qO6JZZQML7353846.071663191,https://m.media-amazon.com/images/I/71qO6JZZQML.jpg,1559
null,71InbrShrrL1915883.0970315032,https://m.media-amazon.com/images/I/71InbrShrrL.jpg,1560
null,81Rh7ImOpYL6928936.348218091,https://m.media-amazon.com/images/I/81Rh7ImOpYL.jpg,1561
null,51janadm4zL5796937.479085975,https://m.media-amazon.com/images/I/51janadm4zL.jpg,1562
null,61kJnl2-mFL5940194.096751157,https://m.media-amazon.com/images/I/61kJnl2-mFL.jpg,1563
null,81hLE-j5RjL2014386.298237454,https://m.media-amazon.com/images/I/81hLE-j5RjL.jpg,1564
null,81mobFPzsvS5200287.976818596,https://m.media-amazon.com/images/I/81mobFPzsvS.jpg,1565
