user_id,first_name,last_name,email,phone,password,dob,country
1,Justine,Langosh,Marlene95@yahoo.com,606-488-8592 x0982,6aiKwwhTbYjvgLuXJB2P,Wed Jan 31 1968 16:32:20 GMT+0100 (West Africa Standard Time),Nicaragua
2,Cesar,Ernser,Patsy88@hotmail.com,209-508-6093 x1068,xzHi44eOkSBCnRiQGE4L,Thu Nov 26 1964 14:16:01 GMT+0100 (West Africa Standard Time),Guatemala
3,Gina,Wyman,Guido_Jast69@gmail.com,1-477-422-6986 x1480,yozb3gYP7h8TxrauNGCT,Sat Oct 23 1954 02:54:15 GMT+0100 (West Africa Standard Time),Sierra Leone
4,Berneice,Kuhic,Marie.Lowe@gmail.com,761-637-9957,j8bQ2aLMV3RF2wLWbsy4,Thu Sep 22 1960 19:00:41 GMT+0100 (West Africa Standard Time),Svalbard & Jan Mayen Islands
5,Jaqueline,Witting,April_Jaskolski52@yahoo.com,1-550-893-1566,k3JS1DSodrYgYiLHAQp8,Fri Sep 02 1977 15:36:03 GMT+0100 (West Africa Standard Time),Martinique
6,Pete,Gerlach,Andres.Gerlach@yahoo.com,(771) 678-6236 x31702,fZrdWA8Ev5pP3jZVGHEB,Wed Oct 21 1959 23:25:39 GMT+0100 (West Africa Standard Time),Saint Pierre and Miquelon
7,Caitlyn,Erdman,Horace.Raynor80@gmail.com,802-669-9462 x762,XR2lUFm99tCXxDz0geaD,Thu Sep 15 2005 09:46:42 GMT+0100 (West Africa Standard Time),Puerto Rico
8,Emery,Feeney,America43@yahoo.com,1-815-470-5189 x554,5G2jnDmJkW1QtOrEVVYb,Sat Jun 29 1985 21:50:18 GMT+0100 (West Africa Standard Time),Greece
9,Ron,Harris,Cynthia.Zemlak25@hotmail.com,1-511-905-4520 x511,r51i1jQbE6B7f5D87N4g,Sat Apr 10 1954 15:20:11 GMT+0100 (West Africa Standard Time),Martinique
10,Tristian,Orn,Letitia.Wiegand48@gmail.com,(314) 662-1993 x17840,VhRMgB1EHqMgzs0bCYrL,Tue Jun 17 1986 07:11:30 GMT+0100 (West Africa Standard Time),Sierra Leone
11,Jalen,Bins,Faustino78@hotmail.com,1-694-454-2241 x89752,3GsCby7GOmQrwnFGdl5g,Sun Apr 24 1988 11:20:30 GMT+0100 (West Africa Standard Time),Guernsey
12,Soledad,Hyatt,Jada19@yahoo.com,539.235.0298,li8qFz5PH3VVm4HneXQV,Wed Jan 03 1945 09:48:51 GMT+0100 (West Africa Standard Time),Peru
13,Chesley,Strosin,Leta.Kunze@hotmail.com,253.808.5642 x081,I44LTVEwe5xd4lyzI4Xp,Tue Dec 24 1974 05:53:51 GMT+0100 (West Africa Standard Time),Czechia
14,Lamar,McKenzie-Wolff,Rhoda.Pollich@gmail.com,1-284-378-0903,xOKijquI64xshqDSQF9T,Mon May 24 1999 17:06:51 GMT+0100 (West Africa Standard Time),Belarus
15,Marvin,Schinner,Annamarie.Crist@gmail.com,1-346-369-8557,UkBn3nhfPs3lqOfdcpME,Wed Nov 01 1995 02:10:36 GMT+0100 (West Africa Standard Time),Saint Pierre and Miquelon
16,Jonathan,Fahey,Vincenzo81@gmail.com,(785) 383-3071 x235,6LJidCDidZLswKyGv3Fr,Fri Apr 03 1981 09:21:50 GMT+0100 (West Africa Standard Time),South Africa
17,Glenda,Prohaska,Matilda76@gmail.com,730-323-4361,6irSG4nnzGzKIQKqahJy,Sun May 20 1979 14:43:15 GMT+0100 (West Africa Standard Time),Kyrgyz Republic
18,Avis,Koepp,Nicholaus.Bartoletti@gmail.com,219.418.8272,fZiA4gJhek8bkclU3154,Thu Aug 21 1986 01:32:42 GMT+0100 (West Africa Standard Time),Uruguay
19,Clifford,Schultz,Avery.Renner@yahoo.com,1-243-613-8708 x1183,18oFBQQ3PJTwCmO1OPCD,Sat Jul 04 1987 11:52:41 GMT+0100 (West Africa Standard Time),Isle of Man
20,Jonatan,Windler,Kaylee_Bauch@yahoo.com,(741) 812-6418 x2843,4ORToBUYMXQLcthQvYu9,Wed Jul 19 1944 23:18:09 GMT+0100 (West Africa Standard Time),Saint Helena
21,Lonnie,Hessel,Dino56@yahoo.com,1-234-654-9414 x5887,CS9GpqGcUrx4d6xAy7jv,Wed Jul 31 1946 11:05:53 GMT+0100 (West Africa Standard Time),Slovakia
22,Cyril,Farrell,Barry34@yahoo.com,573.804.7378 x29672,Nt8Jg9fIPrtkK8xLmZlG,Fri Nov 09 1990 04:53:40 GMT+0100 (West Africa Standard Time),Timor-Leste
23,Guiseppe,McLaughlin,Kiara_Bartell62@yahoo.com,(308) 666-6567 x8111,586fhf0Wq2eyywXsGLAQ,Thu Jul 30 1981 18:40:57 GMT+0100 (West Africa Standard Time),Mauritius
24,Coleman,Jones,Flavio30@gmail.com,(775) 503-7065 x10073,gmuKdFBqoc1mYhGKiqtS,Sun Jun 20 2004 12:48:15 GMT+0100 (West Africa Standard Time),Luxembourg
25,Dylan,Schiller,Violet.Kirlin@gmail.com,1-828-384-7503 x9504,nfSLGijkIGWBKlbctPjO,Sat Jun 09 1990 03:13:56 GMT+0100 (West Africa Standard Time),Mali
26,Demarcus,Krajcik,Adele15@gmail.com,(475) 324-4886,5TFiRLFWD2aOKUefdGbO,Sat Jun 04 1960 00:58:52 GMT+0100 (West Africa Standard Time),Israel
27,Gwendolyn,Denesik,Thea.Parker@yahoo.com,854-242-0399 x52987,IJJM94jMyCcuG6qWlrlq,Mon Apr 11 1994 23:57:51 GMT+0100 (West Africa Standard Time),New Caledonia
28,Warren,Erdman,Bridgette27@gmail.com,(794) 306-8906 x45720,OJLtxxqAIEPeEYNHOXkG,Sat Dec 25 1965 06:33:44 GMT+0100 (West Africa Standard Time),Cocos (Keeling) Islands
29,Estell,Harvey-Kub,Bette_Bauch@gmail.com,(747) 540-0138 x5226,wdDb1OspK1isbi7H8D81,Mon Aug 09 1976 21:05:18 GMT+0100 (West Africa Standard Time),Trinidad and Tobago
30,Theo,D'Amore,Alexandrine32@gmail.com,374.964.6076,o1wKUo1QTkIyaioEC1Gc,Tue Jan 16 1979 19:35:28 GMT+0100 (West Africa Standard Time),China
31,Remington,Crooks,Miracle47@yahoo.com,853.951.3787,oJvaqm94RTyGpx9Qpkkp,Thu Aug 17 1950 15:00:36 GMT+0100 (West Africa Standard Time),Malaysia
32,Eldora,Friesen,Ocie_Pfeffer@gmail.com,1-666-726-5993 x752,ycIk5bEmnYZhZCtHg8Yl,Fri Dec 02 1960 19:36:21 GMT+0100 (West Africa Standard Time),Botswana
33,Lenny,Bogisich,Nathen89@hotmail.com,(824) 517-2162 x98283,CmrzNYfs9tVRA5tNvEuu,Sat Nov 12 1955 06:37:29 GMT+0100 (West Africa Standard Time),Georgia
34,Russell,Kuhn,Jackie86@yahoo.com,1-779-438-8808 x381,ApY9dm2LRm17JyKTYA9h,Thu Oct 31 1991 21:33:02 GMT+0100 (West Africa Standard Time),Sierra Leone
35,Montana,Sauer,Porter.Langworth@hotmail.com,1-276-718-3838 x0857,sTeYOsw1IlSLyCbFq512,Sun Oct 08 1961 03:59:18 GMT+0100 (West Africa Standard Time),Indonesia
36,Claudie,Haley,Elvera.Heaney53@yahoo.com,304-866-9132 x25218,DdgHklZ1CE3D7uMDt9UB,Fri Jan 05 1951 21:28:36 GMT+0100 (West Africa Standard Time),Saint Martin
37,Leda,Steuber,Ally_Morissette98@hotmail.com,842.517.0007 x8723,Buijnus0Bi0RDhNXr1ud,Thu Jan 11 1968 11:32:01 GMT+0100 (West Africa Standard Time),Lao People's Democratic Republic
38,Silas,Ruecker,Zola_Stamm26@gmail.com,489-394-4735 x238,3k0LREya2Hq3BmytOm8r,Fri Feb 08 1980 06:16:34 GMT+0100 (West Africa Standard Time),Vietnam
39,Bridie,Waelchi,Agustina.Okuneva93@yahoo.com,972.698.1207,rYkxRtN5ZLLEFHjnrL4C,Fri Oct 13 1978 22:59:23 GMT+0100 (West Africa Standard Time),Bosnia and Herzegovina
40,Nyah,Hamill,Demarcus_Daugherty54@yahoo.com,1-334-989-5179 x1832,MW73W6MjxpzmEtA48bda,Sun Jun 02 1991 14:51:03 GMT+0100 (West Africa Standard Time),France
41,Evelyn,Wisozk,Alexzander.Veum@hotmail.com,439-441-0305 x4459,xfLTPjKlLsSymVOBE7Mu,Thu Jun 11 1981 11:36:08 GMT+0100 (West Africa Standard Time),Burundi
42,Anabel,Herman,Mallie_Morissette@hotmail.com,551.286.3726 x95062,9sOhS13zRJc1n93whUFe,Mon Oct 28 2002 02:18:55 GMT+0100 (West Africa Standard Time),Sudan
43,Shaun,Kilback,Grady.Quitzon@yahoo.com,685-461-5454 x0644,KBwqUh2dt3RuGfgODbVT,Thu Sep 19 2002 11:28:30 GMT+0100 (West Africa Standard Time),Italy
44,Delphia,Glover,Guadalupe68@gmail.com,588.911.6874 x2691,tTMGa0k42qckxDHPwVwR,Wed Nov 21 1951 07:49:23 GMT+0100 (West Africa Standard Time),Faroe Islands
45,Jan,Kuvalis,Darron_Wolf-Barrows@yahoo.com,(485) 216-4875 x4531,0wtyWGNpcmePy7JON000,Mon Oct 22 1984 21:53:12 GMT+0100 (West Africa Standard Time),Burkina Faso
46,Retta,Corwin,Camron.Reinger@hotmail.com,(588) 530-3177 x381,ccbxfT9OqyP8FeDRejai,Mon Oct 30 1944 12:16:40 GMT+0100 (West Africa Standard Time),Malta
47,Ebba,Lemke,Alexis.Yundt@yahoo.com,490.419.7740 x6095,1KsARnaEGZeJrZOO2eUh,Mon Nov 16 1998 20:17:03 GMT+0100 (West Africa Standard Time),Saint Barthelemy
48,Marlon,Johnson,Rigoberto88@hotmail.com,657.442.7527 x693,dXBXrXCIPODsAlGx8iqE,Sun Oct 17 1971 02:45:02 GMT+0100 (West Africa Standard Time),Kazakhstan
49,Freddy,Sauer,Esta.Hilll@yahoo.com,1-751-579-5944,AXLx3qPzbgAsDo1IDaCU,Thu Dec 14 1989 01:07:04 GMT+0100 (West Africa Standard Time),Venezuela
50,Lafayette,Bahringer,Orville2@hotmail.com,(231) 682-3948 x2072,uJ5l01G6KW2dWGgMXVp6,Thu Apr 18 1985 18:17:10 GMT+0100 (West Africa Standard Time),Uzbekistan
51,Marcelo,Barton,Joyce46@yahoo.com,214.250.7605 x057,IipEOj6rGniPNk4WAyWC,Thu May 07 1987 02:07:37 GMT+0100 (West Africa Standard Time),Heard Island and McDonald Islands
52,Jesus,Hermann,Alexa.Stiedemann@gmail.com,480.743.8091 x342,tx9OeU25lvpnhwzVUlIx,Fri Oct 31 1947 09:32:47 GMT+0100 (West Africa Standard Time),Syrian Arab Republic
53,Dashawn,Schaefer,Macy_Hand@yahoo.com,1-414-715-2110,IK7TuoNUfqMD6nwZraDo,Thu Mar 04 1976 22:48:13 GMT+0100 (West Africa Standard Time),Poland
54,Vincenzo,Koelpin,Creola31@hotmail.com,1-645-785-2888 x93937,aubABgyybHl5D4qaP00F,Tue Jul 28 1992 04:36:24 GMT+0100 (West Africa Standard Time),Turkmenistan
55,Sterling,Hodkiewicz,Miller.Howe@hotmail.com,696.506.0236 x16778,o4zXsnBn09rvhekBEUo9,Mon Sep 21 1959 04:52:09 GMT+0100 (West Africa Standard Time),Nepal
56,Halie,Lang,Horacio.Hills43@hotmail.com,306-296-2014 x5124,CpAkWlZQYnMFYoGwEpLV,Fri Apr 30 1965 15:54:21 GMT+0100 (West Africa Standard Time),Morocco
57,Raoul,Roob,Lela55@yahoo.com,907.529.8473 x38074,NEkJM4iMAyJ2ayKOl1An,Sun Jun 02 1985 22:24:04 GMT+0100 (West Africa Standard Time),Aland Islands
58,Ethelyn,Weber,Madalyn.Moore18@yahoo.com,(720) 894-5081 x102,b64uZo4YpDi3w7HiIqQY,Thu May 22 1975 16:17:41 GMT+0100 (West Africa Standard Time),Saint Barthelemy
59,Sabryna,Pacocha,Nicolas56@yahoo.com,335-262-6133 x375,aBjSTzYHawtVszPM2GrC,Sun Jul 15 1984 03:05:27 GMT+0100 (West Africa Standard Time),Romania
60,Johnathan,Lubowitz,Claudine.Hane@gmail.com,1-246-991-6095 x231,1y8tSnbrQRHFQxSyuIpE,Sun Apr 24 1983 01:16:47 GMT+0100 (West Africa Standard Time),Palestine
61,Myrtie,Schaefer,Amina_Abbott40@yahoo.com,(648) 705-2455,p9x01jEHozlqpJpx1a8r,Thu Oct 18 1956 10:40:19 GMT+0100 (West Africa Standard Time),Dominican Republic
62,Sonya,Dibbert,Eliane_OKon@hotmail.com,1-807-483-3616 x72400,oRz7vLD5V2FZNDXnUS4H,Thu Jun 29 1989 08:15:33 GMT+0100 (West Africa Standard Time),Malawi
63,Hugh,Buckridge,Billie92@gmail.com,(749) 554-3684 x8138,mJBjjC8f8eayfYHU05qq,Mon Nov 13 2000 10:14:48 GMT+0100 (West Africa Standard Time),Aland Islands
64,Hailee,Lebsack,Gonzalo.Toy@gmail.com,1-664-262-5842 x656,hepQpsiCwTgO9t8bxNKK,Thu Mar 24 1960 03:00:01 GMT+0100 (West Africa Standard Time),Guadeloupe
65,Marcelino,Adams,Amaya.Conn38@yahoo.com,1-284-601-2116 x462,tkFQ0xkhW9NvE5SCMADs,Wed Nov 24 1971 22:02:47 GMT+0100 (West Africa Standard Time),South Georgia and the South Sandwich Islands
66,Charley,O'Hara-Kemmer,Darren_Schulist48@hotmail.com,937-670-2724 x108,1xH3ErLpxNRXlwoftil0,Sun Nov 04 1945 23:28:02 GMT+0100 (West Africa Standard Time),Bermuda
67,Bill,Howell,Saige_Johnston@gmail.com,584.290.5366 x2529,vdw7W0i3ihSJYFo9XGIC,Mon Nov 06 1967 18:13:18 GMT+0100 (West Africa Standard Time),Saint Barthelemy
68,Natalia,Kreiger,Eduardo43@hotmail.com,633-398-7930,VW0oxeAO43I1xmvSNLEU,Mon Sep 19 1994 22:11:21 GMT+0100 (West Africa Standard Time),Bolivia
69,Vernie,Schaden,Jayson.Anderson29@hotmail.com,683.276.2589 x734,BdzYQwprbuOeDzQywzBv,Sun Oct 02 1966 09:56:48 GMT+0100 (West Africa Standard Time),Nigeria
70,Shaylee,Boyer,Rebeka_Ullrich55@yahoo.com,870-981-9752 x8555,w1QhhGNbTgQUxoVeYSl3,Sun Aug 31 1975 04:40:29 GMT+0100 (West Africa Standard Time),Norway
71,Myrtis,Shields,Abel_Walter@gmail.com,343.548.5030 x2261,cGxBa2GnbFq7bPANFk2e,Tue May 05 1981 03:39:52 GMT+0100 (West Africa Standard Time),Spain
72,Lillian,Goyette,Jermain60@gmail.com,923-957-3366 x199,J0XsmZ3FtaO9pEVRx9rx,Mon Oct 21 1974 02:33:41 GMT+0100 (West Africa Standard Time),Heard Island and McDonald Islands
73,Agustina,Mayer,Danial3@hotmail.com,772.612.8256 x1671,KzASHDg7WvBXk1tFSyLc,Mon Jul 21 1952 03:09:28 GMT+0100 (West Africa Standard Time),Lao People's Democratic Republic
74,Archibald,Rogahn,Eloise.Macejkovic@yahoo.com,802-690-2755 x58519,bN8LJeYtMnTAn6laQbEd,Mon Aug 09 1993 05:02:42 GMT+0100 (West Africa Standard Time),Madagascar
75,Tatyana,Kautzer,Eladio.Gibson67@yahoo.com,559-909-4251,kWiUO9DIg2nFye9rxfhq,Wed Sep 09 1981 01:32:02 GMT+0100 (West Africa Standard Time),Cambodia
76,America,Morissette,Lenora_Grady@gmail.com,(813) 601-1853 x700,uRbj2SWLI1r4zZOxDOOy,Thu Aug 03 1967 13:48:09 GMT+0100 (West Africa Standard Time),Morocco
77,Assunta,Funk,Brent.Rogahn@gmail.com,272-512-4328,sJnkP2KjyXZg9clU55ru,Fri Jan 29 1960 07:40:43 GMT+0100 (West Africa Standard Time),Mali
78,Delbert,Schaden,Guy_Armstrong-Schiller@yahoo.com,(536) 594-1091,5FFIe9RKXgrOrKyxzkfG,Sun Apr 30 1995 08:08:19 GMT+0100 (West Africa Standard Time),Niue
79,Randal,Kassulke,Boyd78@yahoo.com,602.235.0746 x814,qnhPvjmpmZYMBMU0MJ9m,Fri Jun 04 1948 23:42:07 GMT+0100 (West Africa Standard Time),Bulgaria
80,Lilliana,Feest,Sincere3@gmail.com,(350) 551-8579 x84749,nGQgL0FbHzC5n6eeoYb0,Sun Jan 26 1969 09:50:34 GMT+0100 (West Africa Standard Time),Comoros
81,Ben,Koch,Jessika.Bailey-Koch@hotmail.com,(567) 863-8441,T7IuffhFnk60rJRBoX7z,Tue Aug 17 2004 01:38:42 GMT+0100 (West Africa Standard Time),Bhutan
82,Virginia,Langosh,Elna.Nicolas78@gmail.com,(693) 904-8357 x247,6Q997uDm1hgcHWPs949v,Tue Feb 14 1995 08:51:18 GMT+0100 (West Africa Standard Time),Aland Islands
83,Matilde,Grady-Goyette,Rudolph36@hotmail.com,318.972.7840 x655,NfCaprelx8VNkGFuSFLE,Mon Sep 16 1991 17:15:49 GMT+0100 (West Africa Standard Time),Lesotho
84,Irving,Bartoletti-Powlowski,Randal.Russel-Shanahan28@yahoo.com,1-216-986-6157 x59539,cLlCO8ysTxUsN5Ymf4cN,Sun Aug 15 2004 12:32:32 GMT+0100 (West Africa Standard Time),Maldives
85,Sydni,Wehner,Wade_Rath@yahoo.com,1-495-211-4239 x8720,bd9DCAKBa2FYQhzYKPPv,Mon Oct 29 1951 23:32:22 GMT+0100 (West Africa Standard Time),Saint Kitts and Nevis
86,Kaley,Reinger,Davion57@gmail.com,1-403-467-3126 x31828,hOy8SE19LizThctKamYF,Mon Jun 15 1964 18:56:07 GMT+0100 (West Africa Standard Time),Armenia
87,Cullen,Grant,Jerel_Abbott@gmail.com,(891) 885-9823,AHVuvJNrP2yRf6Sxfa0s,Sun Jun 27 1999 19:41:01 GMT+0100 (West Africa Standard Time),Niger
88,Abdullah,Heathcote,Theresia.Koss@yahoo.com,(769) 625-2268 x331,esooeaXg1nIidzadm8wW,Wed May 15 1957 03:57:56 GMT+0100 (West Africa Standard Time),Ghana
89,Conner,Beer,Letitia.Littel18@gmail.com,231-699-9867,RMPRqVXw6GLYL4qPWjOn,Fri Jul 13 1945 15:38:59 GMT+0100 (West Africa Standard Time),Comoros
90,Malachi,Koelpin,Marquise_Romaguera15@yahoo.com,767.731.8446 x8171,H5ARhwOxul7dlt6zOfyP,Fri Oct 29 1971 06:53:26 GMT+0100 (West Africa Standard Time),Latvia
91,Quinton,Reinger,Verona_Leffler@gmail.com,457-454-8960 x4283,I3303phsflw9EwYHtHV8,Wed Sep 20 1995 02:55:59 GMT+0100 (West Africa Standard Time),French Polynesia
92,Cicero,Connelly,Rachael.Kilback@yahoo.com,(250) 773-8063 x7317,nAjSH5MroG3qDdL9R2wm,Fri Aug 23 1985 22:50:08 GMT+0100 (West Africa Standard Time),Papua New Guinea
93,Jerrold,Raynor,Ressie99@hotmail.com,1-727-603-3380,K73c23JOrjQDQYTqepFr,Mon Apr 08 1957 05:27:31 GMT+0100 (West Africa Standard Time),Falkland Islands (Malvinas)
94,Rosemary,Wehner,Sheldon.Bailey@gmail.com,435-751-1044 x4493,qlHdw8om45Yy28yEmAVP,Sun Feb 20 1983 04:54:28 GMT+0100 (West Africa Standard Time),Bahrain
95,Melyna,Bernier,Abigayle86@hotmail.com,588.372.4961,pfQ7DCVnpXKTG8zRNgG0,Wed Oct 12 1994 19:30:46 GMT+0100 (West Africa Standard Time),Ireland
96,Agustin,Denesik,Leif.Dicki@hotmail.com,947.792.4302 x2372,Tm8nAwRMmQD1kjarAvha,Mon May 30 1949 09:47:39 GMT+0100 (West Africa Standard Time),Iceland
97,Hillary,Monahan,Janis.Ferry86@gmail.com,937-854-5724,5wSeuU0CK3QCC5DokCiM,Sat Feb 17 1973 03:15:12 GMT+0100 (West Africa Standard Time),Kazakhstan
98,Alexandrea,Wolff,Bette.Grant94@gmail.com,(642) 545-7183 x671,4q6JuSI0LNIfoDoYcwjv,Thu Jan 17 1974 20:21:01 GMT+0100 (West Africa Standard Time),Marshall Islands
99,Brandi,Ebert,Miles.Roberts@gmail.com,836-348-6129 x95393,HuPZsA2Bns6HkhDjpYCu,Mon Dec 21 1998 15:33:41 GMT+0100 (West Africa Standard Time),Marshall Islands
100,Gus,O'Keefe,Gregorio_Torp@hotmail.com,880-848-8168,UiEk0pROw9Wti3cBkPp7,Sun Aug 24 1997 23:11:53 GMT+0100 (West Africa Standard Time),Somalia
101,Berenice,Lynch,Miguel.Legros63@yahoo.com,(262) 329-0228 x2533,46wUsgACmOxNcPiAdWsv,Sun Feb 04 1951 01:34:37 GMT+0100 (West Africa Standard Time),Seychelles
102,Adela,Fritsch,Colin18@hotmail.com,(720) 629-5173 x2702,3OjI8dIE1RkqtKhk2M6C,Wed Aug 10 2005 21:45:41 GMT+0100 (West Africa Standard Time),Saint Pierre and Miquelon
103,Rosella,Wilderman,Yolanda76@gmail.com,(236) 905-7525 x82880,ku3YerpBmjShYHXrKxH6,Mon Feb 04 1974 02:06:28 GMT+0100 (West Africa Standard Time),Serbia
104,Myrtice,Sauer,Warren78@hotmail.com,733-338-8132 x77260,DR86avjYsDhwqFXRgUNK,Thu Jan 05 1984 06:24:48 GMT+0100 (West Africa Standard Time),Croatia
105,Beryl,Rempel,Seth48@yahoo.com,682-597-5867 x600,YShBn0ud4uqxDuMUibSe,Mon Aug 24 1981 20:01:14 GMT+0100 (West Africa Standard Time),Senegal
106,Price,Heathcote,Alexandra.Ratke41@hotmail.com,(388) 873-6825 x2085,LLXDsCIo6Ypyfbu4lSNP,Tue Jul 07 1964 20:00:57 GMT+0100 (West Africa Standard Time),Faroe Islands
107,Willis,Stokes,Danika22@gmail.com,1-479-919-7761 x358,18ll5lbXUuRitWyStGss,Fri Jul 15 1977 21:40:30 GMT+0100 (West Africa Standard Time),Sweden
108,Kellen,Hand,Angelina77@hotmail.com,386-459-3807 x9083,JUaCIhnxMYugvHjRNjMH,Sun Feb 15 1981 11:01:39 GMT+0100 (West Africa Standard Time),Belize
109,Salma,Boyle,Oleta90@hotmail.com,856.464.3188 x024,YRNi8287NpgjNNtclANR,Sat Sep 30 1967 05:14:21 GMT+0100 (West Africa Standard Time),Belize
110,Emerald,MacGyver,Aron.Spinka@hotmail.com,456.279.3524 x844,FEjiz2at5XE1eQMALWdj,Wed Mar 02 1966 00:40:59 GMT+0100 (West Africa Standard Time),Chile
111,Jonatan,Schuster,Maria90@yahoo.com,1-507-630-4894 x95219,ga8LusPqwIKZUgWgGBKZ,Mon Sep 07 1970 06:36:35 GMT+0100 (West Africa Standard Time),Falkland Islands (Malvinas)
112,Libby,Langworth,Jacklyn7@yahoo.com,312.204.3993 x054,5Z3Y1epq4Hgqw8AjInhS,Wed Feb 20 1980 04:57:50 GMT+0100 (West Africa Standard Time),Republic of Korea
113,Griffin,Oberbrunner,Gino23@hotmail.com,1-825-810-4426 x362,MIJIscmjzIEGwqHJNv47,Tue Jun 20 1995 18:44:05 GMT+0100 (West Africa Standard Time),Russian Federation
114,Ciara,Douglas,Shania_Doyle@yahoo.com,1-895-524-6801 x9621,1cRUUeBySFaF6Oq6NTlh,Sat Apr 08 1995 20:02:24 GMT+0100 (West Africa Standard Time),Senegal
115,Rogers,Osinski,Mertie_Klocko@yahoo.com,916-483-3305 x6463,t2DdzkDEr5EXhHgv1SWW,Sun Jun 03 2001 23:39:59 GMT+0100 (West Africa Standard Time),Guernsey
116,Rita,Orn,Gonzalo.Satterfield@yahoo.com,707-397-6652,HbRzX4g1fEGf0hgxTozY,Sun Jun 24 2001 00:38:22 GMT+0100 (West Africa Standard Time),Republic of Korea
117,Geovanny,Boyer,Pearlie_Langosh@hotmail.com,453-298-3893 x8140,GwK4jrH2pja6hGECN5uP,Thu Dec 13 1979 16:56:51 GMT+0100 (West Africa Standard Time),Panama
118,Nya,Mills,Rodolfo47@yahoo.com,624-286-9789 x398,RJfOWA4a54e3ssuQQKnZ,Sun Sep 22 1946 16:36:17 GMT+0100 (West Africa Standard Time),Bahrain
119,Theo,Zemlak,Maida.Metz61@yahoo.com,381-454-1666 x3678,GMgvz2TklFdpYniZ6U4v,Fri Feb 20 1976 14:48:55 GMT+0100 (West Africa Standard Time),Belgium
120,Kenton,Von-McCullough,Victor.Barton@gmail.com,1-521-965-8176 x785,VgdjsespwJycIwg5RDKP,Sat Mar 12 1983 19:26:05 GMT+0100 (West Africa Standard Time),Sierra Leone
121,Vernie,Zulauf,Trent.Abbott29@hotmail.com,857-672-1546,ctLUUIhZvGd8uagNolPC,Fri Mar 02 1979 04:17:07 GMT+0100 (West Africa Standard Time),French Guiana
122,Maida,Pollich,Kacey.Okuneva72@hotmail.com,(215) 608-5551,ovDy8j34c82PZFdp5TLH,Sun Jan 14 1996 18:23:24 GMT+0100 (West Africa Standard Time),Antarctica
123,Zita,Kihn,Jeff_Kohler21@gmail.com,517-483-6087 x69591,PfGfQ3Kqh6uBC1i2bGKV,Sun Feb 04 1979 20:54:40 GMT+0100 (West Africa Standard Time),Cape Verde
124,Billy,Bode,Roberto.Hansen67@yahoo.com,512.359.8849 x79517,T9dYUo4iDYE7FrpX5YxY,Thu Jan 09 1975 11:49:39 GMT+0100 (West Africa Standard Time),Monaco
125,Damaris,Zboncak,Charlotte.Boyer40@yahoo.com,(338) 743-3364 x576,OGEbacbnFwnvSmjnVomw,Mon Sep 08 1980 16:29:37 GMT+0100 (West Africa Standard Time),Democratic People's Republic of Korea
126,Lurline,Friesen,Clifford_Kuhn90@gmail.com,919.916.9763 x9598,N6L8CSEdSxeDxujrXAEC,Tue Apr 28 1998 02:26:00 GMT+0100 (West Africa Standard Time),Chad
127,Aditya,Effertz,Cletus3@yahoo.com,1-454-896-8201,NQoZqk7il2TAQ7CupiFq,Wed Feb 05 1975 00:26:52 GMT+0100 (West Africa Standard Time),Sierra Leone
128,Mathew,Blanda,Olaf.Lynch66@gmail.com,(364) 524-0094 x2411,TV9gZGyNfg74MBK4Rqjr,Wed Dec 02 1987 07:17:15 GMT+0100 (West Africa Standard Time),Cameroon
129,Darron,Ward,Timmy.Crist@yahoo.com,1-912-890-2829 x123,h08PzK6p0UjtLT6rgTup,Sun Jan 13 2002 00:43:37 GMT+0100 (West Africa Standard Time),Guam
130,Keon,Collins,Dwight11@gmail.com,(222) 543-4695 x21278,HrZM68hAbdDtv46yUux8,Wed Nov 14 1979 23:59:09 GMT+0100 (West Africa Standard Time),Armenia
131,Chaim,Morar,Deshaun_Wuckert72@yahoo.com,647-296-4756,3PdpdqIvNHYrbjjjTNaa,Sat Oct 23 1954 23:24:50 GMT+0100 (West Africa Standard Time),Poland
132,Cesar,Larson,Halie.Kilback87@gmail.com,1-476-655-0533 x62543,SnMhDDzEYNP6GbzceXky,Sat Jun 15 1991 10:10:56 GMT+0100 (West Africa Standard Time),Turkey
133,Eve,Mayer,Jayden_Torp68@hotmail.com,(212) 994-7105 x11437,8vUPLj5uB6xqNILYST1E,Tue Nov 11 2003 20:53:10 GMT+0100 (West Africa Standard Time),Switzerland
134,Eino,Yundt,Elvie3@hotmail.com,(896) 725-0134 x5367,OhoHARBx24HSNTaDECHk,Mon Oct 10 1966 09:45:02 GMT+0100 (West Africa Standard Time),United Arab Emirates
135,Antonina,Sanford,Stephany.Morar@yahoo.com,741.973.9408 x090,7EISBekap3btDtovpK1b,Sun Jul 01 2001 12:25:23 GMT+0100 (West Africa Standard Time),Ireland
136,Keshaun,Lesch,Eugenia.Leannon45@yahoo.com,563-934-1428 x716,j8pdwGrHCrHcJkaFUDLz,Sun Dec 03 1995 11:45:17 GMT+0100 (West Africa Standard Time),Guatemala
137,Kylee,Sipes,Kareem_Emard-Stroman69@gmail.com,1-617-958-2523,JsHVy4fzz8ehmhVPsxAV,Sun Aug 02 1992 04:19:18 GMT+0100 (West Africa Standard Time),Saint Kitts and Nevis
138,Missouri,Kautzer,Felicity91@gmail.com,1-237-574-9180 x67064,2sH9DnnROEUPDnbmlTB6,Sun Apr 09 1944 10:46:20 GMT+0100 (West Africa Standard Time),Tuvalu
139,Van,Boyer,Orval57@hotmail.com,329.472.9005 x14393,YSHclmpyz2xEK5eXoHY0,Fri Feb 03 1995 04:34:26 GMT+0100 (West Africa Standard Time),Georgia
140,Raphaelle,Durgan,Uriel83@gmail.com,292-788-3180 x7623,abuEFFH6ZPmVXQDCLH2Y,Sun Dec 08 1991 17:59:49 GMT+0100 (West Africa Standard Time),Chad
141,Francis,Cruickshank,Vivianne.Becker@yahoo.com,1-387-277-4887 x6781,AB5bahNREGVUZzrLhghh,Sun Aug 26 1945 22:32:19 GMT+0100 (West Africa Standard Time),United Arab Emirates
142,Jodie,Turcotte,Alexandre47@hotmail.com,(280) 299-0935 x5927,wqhdXNGuhmCKGT1otYZ9,Sat Nov 26 1988 10:36:43 GMT+0100 (West Africa Standard Time),Taiwan
143,Eugenia,Gleichner,Jose.OConner@gmail.com,502-943-6070 x865,oLl6hBuZI7Ekvxd7OQHW,Sat Mar 23 1946 23:00:46 GMT+0100 (West Africa Standard Time),Netherlands
144,Estrella,Boyer,Jalen_Hudson5@gmail.com,1-402-472-8597,OPJnXbkqsCCWKPc1Rkkt,Sun Aug 19 1973 12:03:09 GMT+0100 (West Africa Standard Time),Zambia
145,Cleveland,Effertz,Rolando31@gmail.com,691-436-2591 x60069,NEmSq6z9PPIU8FqtOozl,Tue Feb 25 2003 03:37:14 GMT+0100 (West Africa Standard Time),Bouvet Island
146,Alaina,Hoeger,Liam.Pfeffer@hotmail.com,722.375.2645 x847,Sfi6HDRqHm0ZHYWkh15v,Mon May 23 1988 05:32:07 GMT+0100 (West Africa Standard Time),Bhutan
147,Angelina,Ryan,Conrad.Harber@hotmail.com,(504) 782-7903 x770,iYegxFVdwTLdVETOI293,Fri Oct 20 2000 13:16:37 GMT+0100 (West Africa Standard Time),Tuvalu
148,Jacquelyn,Emard,Kaylee_Miller61@gmail.com,529-432-1101 x12907,zEoVzDNxC1KL6vbDWD01,Sun Jan 30 1994 01:27:56 GMT+0100 (West Africa Standard Time),Mauritania
149,Anahi,Yost,Melody_VonRueden@yahoo.com,886.558.8419 x3912,zWM7JVLfoyiPGsHVM4JA,Fri Feb 27 1987 08:55:50 GMT+0100 (West Africa Standard Time),Martinique
150,Matt,Stamm,Andres.Hansen89@hotmail.com,696-207-2570,FszVNyccM4WvXOtTwKr5,Wed Feb 23 1983 19:02:52 GMT+0100 (West Africa Standard Time),"Bonaire, Sint Eustatius and Saba"
151,Yasmeen,Klein,Fanny_Wilkinson30@hotmail.com,240.690.2223 x6547,ChBV4JYZKVbpR3jEIKRL,Sun Jun 14 1964 15:35:38 GMT+0100 (West Africa Standard Time),Malawi
152,Nasir,Marquardt,Lizeth65@gmail.com,833-496-1295 x98313,O0JK8VA0XLRKHkRsLBpj,Tue Apr 27 1993 21:47:16 GMT+0100 (West Africa Standard Time),Central African Republic
153,Jaycee,Denesik,Candice25@gmail.com,566-271-9664,EcI2wsiAGP5KXzOr67N5,Fri Jan 21 2005 19:35:48 GMT+0100 (West Africa Standard Time),Zimbabwe
154,Kiara,Kling,Jordan_Graham@hotmail.com,(400) 303-8366 x114,r0x3EVsrxwbe78vu8aPN,Sat Nov 19 1949 10:00:24 GMT+0100 (West Africa Standard Time),Niue
155,Hiram,Heidenreich,Alexandrea_Dach81@yahoo.com,766.764.8092 x22929,yicBpIgRV5twqUtvsfNM,Fri Feb 13 1959 18:26:04 GMT+0100 (West Africa Standard Time),Spain
156,Geovanny,D'Amore,Naomi.Wilderman@yahoo.com,276-772-5535,vYuKkMtBhNojgE9ZUH2U,Tue Jan 02 1996 22:15:32 GMT+0100 (West Africa Standard Time),French Southern Territories
157,Ceasar,Strosin,Dean84@yahoo.com,247-967-3120 x296,sJRGCJMXiTYaYafcYpKX,Sat Jun 03 2000 06:58:59 GMT+0100 (West Africa Standard Time),El Salvador
158,Glennie,Rau,Jarred39@hotmail.com,1-644-354-4153 x5622,04vwSgkrJmjuu0gsLmMu,Wed Nov 18 1959 19:07:27 GMT+0100 (West Africa Standard Time),South Georgia and the South Sandwich Islands
159,Kadin,Hamill,Dylan16@gmail.com,322-321-1345 x548,PEYCWeDl74QVmTivf2rs,Sat Nov 06 1999 02:31:56 GMT+0100 (West Africa Standard Time),Andorra
160,Jett,Schowalter-Hoeger,Tavares_Schulist@gmail.com,624-217-0883,H8163JuictMWrNhOChN9,Thu Sep 26 1968 22:56:54 GMT+0100 (West Africa Standard Time),Israel
161,Florencio,Kertzmann,Darrion.Farrell@gmail.com,581.459.1316 x3022,QOLk3528U3e93yXCg1qu,Mon Jan 31 1972 08:27:48 GMT+0100 (West Africa Standard Time),Heard Island and McDonald Islands
162,Geovany,Stiedemann,Magnus.Mohr90@hotmail.com,1-502-601-9925,QYHgRNQ2aMMIJvzLlMDy,Wed Nov 05 2003 08:27:57 GMT+0100 (West Africa Standard Time),Zambia
163,Lysanne,Purdy,Josianne_Botsford91@hotmail.com,(291) 452-0027 x381,D2nhRsdKOORg6p9UbAYm,Sun May 19 1968 16:02:24 GMT+0100 (West Africa Standard Time),Greenland
164,Demarco,Krajcik,Dashawn_Morar16@hotmail.com,577.323.8815,nebw4myEHXJqiOAV7IQL,Fri Aug 01 2003 01:20:33 GMT+0100 (West Africa Standard Time),San Marino
165,Angeline,Rau,Gus.Jenkins53@hotmail.com,497.546.0308 x3414,ThMKpAiMgzI3RHZWSGO0,Fri Dec 17 1948 04:06:52 GMT+0100 (West Africa Standard Time),Iceland
166,Tina,Reilly,Iliana_Moen@gmail.com,1-566-308-3314 x54256,zmQSZcoi5Lqt404NWU94,Mon Aug 07 1995 19:58:12 GMT+0100 (West Africa Standard Time),Tokelau
167,Merlin,Zulauf,Chadd.Abernathy@hotmail.com,1-961-319-5522 x040,3attlkeTY5SVXiUB0Os3,Sat Sep 28 1974 04:28:01 GMT+0100 (West Africa Standard Time),Puerto Rico
168,Sydnie,Goyette-Witting,Marcelino.Tromp16@hotmail.com,265.331.1336 x2933,y7TbnCwkqgf09fZyB43H,Wed Nov 11 1970 07:04:32 GMT+0100 (West Africa Standard Time),United States Minor Outlying Islands
169,Hadley,Trantow,Gia_Kuhn-Parisian31@hotmail.com,589-849-5658,0rD0tstOT78fxBvXUyJU,Sun May 09 1971 14:18:08 GMT+0100 (West Africa Standard Time),Chad
170,Isabella,Windler,Veda13@yahoo.com,376-733-3478 x2160,FXb9WnJNujMQIrNCoI43,Wed Mar 05 1969 11:05:19 GMT+0100 (West Africa Standard Time),Gabon
171,Anastasia,Kuhn,Kamille16@gmail.com,(342) 424-6489 x2395,UGZwOlOJdsIqixoY84Y2,Thu Feb 08 1996 16:02:32 GMT+0100 (West Africa Standard Time),Cook Islands
172,Shana,Maggio,Vito.Streich88@gmail.com,657-821-3736,MX5cgC7O8cwN8wRe1IEs,Fri Jan 28 1983 22:53:33 GMT+0100 (West Africa Standard Time),Dominica
173,Roslyn,Dickinson,Eleanore.Zieme@gmail.com,1-568-410-4256 x1024,vSAkHEaa0lgNze5qEF9v,Sat Jan 22 1983 03:38:11 GMT+0100 (West Africa Standard Time),Lesotho
174,Dulce,Grimes,Cynthia40@yahoo.com,290.379.9381 x92127,b3xiIpHTUa2qK6sQE7B7,Wed Aug 12 1992 21:14:11 GMT+0100 (West Africa Standard Time),Trinidad and Tobago
175,Maymie,Hudson,Freida94@gmail.com,676.737.8434,xWp0XCuV3G3fEgYCSJB0,Thu Mar 08 1962 01:14:02 GMT+0100 (West Africa Standard Time),Germany
176,Alfred,Grant,Rudolph24@yahoo.com,1-427-468-5128 x4894,AMKLd83DHbhmud1Z1g1A,Mon Dec 08 1958 13:33:22 GMT+0100 (West Africa Standard Time),Morocco
177,Nigel,McDermott,Elna12@yahoo.com,(345) 497-3051,hF64pb0ogWBbAEK1IC55,Wed Dec 05 1984 04:09:54 GMT+0100 (West Africa Standard Time),United Kingdom
178,Annamae,Lynch,Luella19@hotmail.com,(851) 922-3780,saQJv4LWcoVrLX3zBLim,Sat Jan 29 1972 16:34:37 GMT+0100 (West Africa Standard Time),Turkey
179,Terrence,Price,Felton_Wunsch@yahoo.com,(969) 388-1169 x0321,tdNGW0xMjzRzM3eFp0sR,Tue May 05 1953 07:20:30 GMT+0100 (West Africa Standard Time),Netherlands
180,Micah,Larkin,Hollis_McCullough69@gmail.com,(962) 717-3689,2jK4RXSBv786ZOSbvbco,Sat Apr 12 1980 18:39:00 GMT+0100 (West Africa Standard Time),Indonesia
181,Vicente,O'Connell,Mozelle2@yahoo.com,(433) 909-6891 x9113,CYyMCglNW4gSsALMKZ1m,Fri Mar 23 2001 12:44:03 GMT+0100 (West Africa Standard Time),Sierra Leone
182,Zachary,Fritsch,Ewald_Flatley43@gmail.com,381-587-3867 x8480,d7pTTK4824ftMB1mKUAK,Mon Dec 24 2001 02:22:55 GMT+0100 (West Africa Standard Time),Italy
183,Mohamed,Mitchell,Camryn15@gmail.com,(269) 466-9799 x90589,yqSMhZeBFmBSDqTRB2lK,Thu May 01 1986 22:18:04 GMT+0100 (West Africa Standard Time),"Virgin Islands, U.S."
184,Jace,Weissnat,Carmen_Kuvalis93@hotmail.com,586.771.6693 x8248,fpMD2kSssH1xgUU5axo6,Tue Dec 11 1945 06:39:15 GMT+0100 (West Africa Standard Time),Honduras
185,Ilene,Kub,Mona32@hotmail.com,1-237-262-5235,nETFfBAuqihvKXfcE0xr,Tue Jan 31 1995 21:40:51 GMT+0100 (West Africa Standard Time),Afghanistan
186,Finn,Lubowitz,Colten87@yahoo.com,1-781-919-8913 x897,HIget7qtQE9lG0eYcGzA,Sat Mar 28 1987 11:26:11 GMT+0100 (West Africa Standard Time),Haiti
187,Ocie,Auer,Candelario16@gmail.com,(993) 285-7978 x095,LTCA7kpoWZVb4nm3IbLx,Thu Oct 28 2004 10:37:56 GMT+0100 (West Africa Standard Time),Cyprus
188,Andres,Batz,Hildegard.Robel@gmail.com,319.969.2757 x504,MejoaU4463CXilRZyc3I,Mon Jul 28 1997 06:40:04 GMT+0100 (West Africa Standard Time),Uruguay
189,Reagan,Douglas,Damien.Hamill@gmail.com,(719) 704-6382 x8134,dkNJeZXM36DwVBSfO5yw,Thu Jun 13 1974 15:42:49 GMT+0100 (West Africa Standard Time),United States Minor Outlying Islands
190,Clark,Terry,Narciso.Graham92@hotmail.com,582.700.1094 x77105,OwOodKRaMMST8lMVFyWE,Sun Jan 17 1965 12:08:08 GMT+0100 (West Africa Standard Time),Guinea-Bissau
191,Marcia,Schulist,Nyah.Haag@yahoo.com,675-410-7217 x204,1T4NJqVdkICMogSod5cY,Mon May 04 1981 18:49:54 GMT+0100 (West Africa Standard Time),India
192,Kenyon,Buckridge,Lonie.Skiles@hotmail.com,664.256.7847,aZmEeugXO28uNgAQwPjK,Sun Aug 10 1958 20:29:50 GMT+0100 (West Africa Standard Time),Northern Mariana Islands
193,Destiny,Abernathy,Ola.Marks@gmail.com,975.868.1257 x082,tfaWmRpDZ18A6ghEp9r7,Sun Dec 25 1960 14:16:14 GMT+0100 (West Africa Standard Time),Cambodia
194,Cristopher,Crona,Jedidiah58@yahoo.com,737-664-0794 x61134,bIbiDr1yRSSXNAzRRV7C,Mon May 16 2005 01:40:52 GMT+0100 (West Africa Standard Time),Gambia
195,Eden,Mueller,Martine24@gmail.com,255-591-4081 x7190,sbMo4yAdEf5b524F2bif,Mon Jul 25 1983 07:16:12 GMT+0100 (West Africa Standard Time),Niue
196,Mortimer,Vandervort-O'Reilly,Krystel.Runolfsdottir5@hotmail.com,(688) 349-2288 x839,6rqRSCfdtU3WiY8IPiec,Thu Dec 04 2003 06:25:42 GMT+0100 (West Africa Standard Time),British Indian Ocean Territory (Chagos Archipelago)
197,Juston,O'Conner,Katelynn9@yahoo.com,(565) 706-0284 x54756,MY9p1EXfkT2nMjqtf04c,Sun Jan 21 1973 06:40:56 GMT+0100 (West Africa Standard Time),Iran
198,Heaven,Harber,America27@gmail.com,1-940-353-6158,Vrtt93R320Sf8kKcHiU1,Wed May 10 1944 16:56:43 GMT+0100 (West Africa Standard Time),Democratic Republic of the Congo
199,Bridget,Ernser,Mina26@yahoo.com,267-648-9126 x1049,xXFHu7p2bfuYD8rcQPhr,Thu Feb 04 1982 10:53:01 GMT+0100 (West Africa Standard Time),Estonia
200,Lelah,Donnelly,Taya.Upton@hotmail.com,(911) 759-9728 x01476,ZggCaSkePob3J4Aii6SY,Thu Jan 03 1985 04:29:20 GMT+0100 (West Africa Standard Time),French Southern Territories
201,Julius,Stroman,Yvonne.Dicki96@gmail.com,1-460-576-2279 x6520,I8rsCIUnMUUSDFiHJiqo,Mon Feb 18 1963 20:13:16 GMT+0100 (West Africa Standard Time),Paraguay
202,Lacey,Emmerich,Gertrude67@gmail.com,(822) 447-3785,ldRgLW7cdwxor0aQpxre,Thu Dec 21 1995 12:59:04 GMT+0100 (West Africa Standard Time),Iran
203,Madonna,Runte,Cicero4@hotmail.com,1-307-212-7159 x74666,76eop06OECmY2JHhzT37,Sun Dec 24 1995 09:39:27 GMT+0100 (West Africa Standard Time),Yemen
204,Durward,Torphy,Sarah.Kozey70@gmail.com,755-718-0612 x08430,a6Vmv85kL3YoMnhHsGgh,Fri Jan 11 1957 04:02:35 GMT+0100 (West Africa Standard Time),Macao
205,Jannie,Terry,Abdullah_Walsh72@yahoo.com,1-203-322-5503 x317,Yk7omvZ1AzpPWInMsUiX,Wed Jul 13 1983 04:23:38 GMT+0100 (West Africa Standard Time),Liechtenstein
206,Kathleen,Hessel,Grayce.Mueller35@yahoo.com,(618) 258-7837 x27813,IbWbqRDbA72azJPu9FRg,Wed Jun 18 2003 18:31:58 GMT+0100 (West Africa Standard Time),Algeria
207,Merle,Mayer,Delilah_Dibbert85@hotmail.com,1-864-727-2470 x890,BPbYzyfTsnezFGaW3p2q,Sun Oct 09 1988 20:00:51 GMT+0100 (West Africa Standard Time),Falkland Islands (Malvinas)
208,Misael,Runolfsdottir,Emerald37@hotmail.com,(512) 607-0266,vZWzEwG3z5MPaSUHNioc,Sat Oct 15 2005 10:13:25 GMT+0100 (West Africa Standard Time),Peru
209,Frederik,Hamill,Ella_OHara65@yahoo.com,1-256-888-5807 x554,flCsbWdIYAHyoKdKZcZF,Sun Aug 30 1970 00:31:39 GMT+0100 (West Africa Standard Time),South Georgia and the South Sandwich Islands
210,Ramona,Klocko,Jazmyne_Bartell10@hotmail.com,361.797.8461 x47416,tvklG80TtSqiQFIyCYSu,Tue Apr 29 1997 13:00:41 GMT+0100 (West Africa Standard Time),Russian Federation
211,Carmella,O'Hara,Laurianne16@gmail.com,(264) 911-9366,O7VAFz4gy9Io7Jkx1FIk,Mon Apr 07 1975 03:27:13 GMT+0100 (West Africa Standard Time),Benin
212,Macy,Lynch,Joaquin53@yahoo.com,1-748-809-2149 x06283,9rmn36EyqFuiRhvhRvjf,Sun Jul 21 2002 03:19:09 GMT+0100 (West Africa Standard Time),Micronesia
213,Audra,Jacobson,Tobin10@yahoo.com,(544) 660-0496 x03035,uJl5C1jDmXujs4iJEvc3,Mon Nov 14 1955 10:11:36 GMT+0100 (West Africa Standard Time),Mali
214,Arlo,Kris,Georgianna3@hotmail.com,1-801-518-2271 x261,rhOdHuCUbYMQlFdhclDD,Sat Oct 04 2003 00:21:45 GMT+0100 (West Africa Standard Time),Sri Lanka
215,Roberta,Pfeffer,Bobbie_Farrell54@gmail.com,1-930-341-7825,yhDwWF9Dxu0r7KuD8Y3G,Wed Jul 08 1981 20:21:48 GMT+0100 (West Africa Standard Time),Guatemala
216,Amely,Kuphal,Adella17@hotmail.com,711.982.8100 x06174,lGl96F0YPcX6nDEtpVS7,Mon Aug 18 1975 23:52:24 GMT+0100 (West Africa Standard Time),Zambia
217,Albina,Fisher,Leatha.Turner@gmail.com,308-399-9160 x8567,ChfcDxxjrx4PHBbb2AfB,Thu May 04 1961 15:55:04 GMT+0100 (West Africa Standard Time),Marshall Islands
218,Morton,Hammes,Erika86@gmail.com,(503) 801-5548 x66245,GPUunqFSFGkoNcpTWwOf,Thu May 08 1980 06:22:52 GMT+0100 (West Africa Standard Time),Saint Martin
219,Dixie,Hayes,Joan44@hotmail.com,589.577.0078 x379,twQB7ozNVytt60t9g2Wi,Thu Sep 06 2001 01:52:38 GMT+0100 (West Africa Standard Time),Mauritania
220,Juliana,Jast,Mark.Gerhold@gmail.com,845-245-7036 x53140,NoevJsdbLfFlwdmGMNiV,Sat Apr 06 1957 01:12:48 GMT+0100 (West Africa Standard Time),Mauritania
221,Arielle,Schmidt,Hildegard.Wunsch28@yahoo.com,927.966.0972 x8475,n8c8cIEunf01WekCaB5s,Tue Mar 09 1993 11:48:45 GMT+0100 (West Africa Standard Time),Saint Kitts and Nevis
222,Elta,Raynor,Fannie.Funk32@hotmail.com,760.399.8969,O6ZFqGQPDbCTYIXrhIPP,Tue Feb 13 1996 01:40:30 GMT+0100 (West Africa Standard Time),Jersey
223,Gwen,Shields,Tillman_Hermiston7@hotmail.com,974.962.1835 x1870,QftQs12c8PzUuRrkvwc7,Wed Feb 23 1966 22:52:27 GMT+0100 (West Africa Standard Time),American Samoa
224,Elmo,Maggio,Raymundo56@hotmail.com,568.937.0934 x952,MjeUjJnJ7f44nUpFJUmP,Mon Sep 29 1975 01:20:53 GMT+0100 (West Africa Standard Time),Georgia
225,Rod,O'Reilly,Delia.Yundt36@hotmail.com,228-333-8741,WG5xAFls4hVMNr4eAXU2,Thu Feb 16 1995 16:03:17 GMT+0100 (West Africa Standard Time),New Caledonia
226,Edwin,Hayes,Breana58@hotmail.com,437.700.0434 x548,nBSkkaj1t1xXooeAVsTr,Thu Mar 24 1960 14:00:17 GMT+0100 (West Africa Standard Time),French Southern Territories
227,Kellie,Bernhard,Hal_Jakubowski41@yahoo.com,833-249-4876 x719,T3gz62pG5YCuSku9zwQc,Wed Mar 28 1990 13:11:13 GMT+0100 (West Africa Standard Time),Pitcairn Islands
228,Dorthy,Kris,Kolby_Hilll@gmail.com,1-373-715-5734,B3fFVn1NJsT4VDmdxhxC,Sun Feb 19 1950 10:07:09 GMT+0100 (West Africa Standard Time),Uzbekistan
229,Pearline,VonRueden,Ambrose.Rau@gmail.com,1-462-489-3575 x50058,owKjfnNkkqJJWLWCYFZd,Sat Mar 03 1990 19:14:48 GMT+0100 (West Africa Standard Time),French Guiana
230,Bailey,Kirlin,Elinore75@hotmail.com,1-582-406-7641 x0071,e7wYz3VpEV0kjHwB2njf,Sun Feb 24 1980 14:59:43 GMT+0100 (West Africa Standard Time),Madagascar
231,Wilburn,Macejkovic,Novella80@yahoo.com,213-306-1535 x6178,8nIPaHPCFhiqSoj9kH1u,Sun Oct 23 1994 10:38:38 GMT+0100 (West Africa Standard Time),Northern Mariana Islands
232,Amiya,Fay,Leora69@gmail.com,832-862-3028 x71220,4vMEJmm2bJufK5rHbqiC,Wed Jan 28 1953 15:51:49 GMT+0100 (West Africa Standard Time),French Polynesia
233,Shania,Kunze,Bryon_Moen11@gmail.com,(419) 552-3940,rF3stzpLzAQr5v5zQGOU,Mon Aug 18 1986 04:41:07 GMT+0100 (West Africa Standard Time),United Arab Emirates
234,Janie,Yundt,Delta_Fahey86@hotmail.com,226.248.1386 x84984,Mn6UPaqXOeI8ICo7IxKL,Mon Feb 07 1955 09:41:15 GMT+0100 (West Africa Standard Time),Marshall Islands
235,Marcelle,Rohan,Hester76@hotmail.com,554-472-5906 x0083,xXmmw2WFc1ZJHmaepotZ,Mon May 09 1994 17:19:47 GMT+0100 (West Africa Standard Time),Montserrat
236,Schuyler,Parisian,Margaret.Pfeffer19@gmail.com,287-707-8901 x396,zVkPQ8MPyh6D54qSZAnk,Tue Nov 29 1960 01:37:47 GMT+0100 (West Africa Standard Time),Saint Vincent and the Grenadines
237,Aileen,Kovacek,Gene11@hotmail.com,468-651-6914 x8897,ma1DdG9hJVCNnP6HUqsJ,Thu Oct 15 1970 00:49:12 GMT+0100 (West Africa Standard Time),Canada
238,Salvador,Feest-Bernier,Isabel_Donnelly@yahoo.com,1-553-686-2325 x32350,WWgIRecp6EaXVBwuRNH0,Sat Nov 22 1969 08:35:32 GMT+0100 (West Africa Standard Time),Bolivia
239,Guido,Russel,Tod_Wolf38@gmail.com,1-797-968-6541 x8002,RDc6kM8Xzb894SELp6La,Mon May 01 2000 07:35:46 GMT+0100 (West Africa Standard Time),Lebanon
240,Sally,Corwin,Bernice_Leuschke@hotmail.com,1-755-453-7317 x86905,qnjZAwuY2C4shh32kYyU,Tue Aug 15 1978 03:28:52 GMT+0100 (West Africa Standard Time),Senegal
241,Milan,Streich,Jimmie.Abbott1@yahoo.com,749-787-6392 x5878,m7MOShWkaxPctXgVR18c,Wed Jun 03 1998 14:06:42 GMT+0100 (West Africa Standard Time),Faroe Islands
242,Adell,White,Retta.Hirthe@yahoo.com,1-210-442-3118,Y7bwZD3BTe3Q558nAbl8,Fri Mar 06 1959 09:29:52 GMT+0100 (West Africa Standard Time),Mozambique
243,Colt,Kohler,Samantha22@gmail.com,484.552.4997 x97411,lWpXB8a4nQ6Ay8XM07lA,Fri Aug 03 1945 11:25:21 GMT+0100 (West Africa Standard Time),Cambodia
244,Rupert,Jenkins,Lysanne_Hyatt84@gmail.com,358-419-3118,gEKnAwRuQs2Z0vzYwOfO,Mon Feb 10 1997 20:33:14 GMT+0100 (West Africa Standard Time),Morocco
245,Jailyn,Kunde,Allie_Marvin@hotmail.com,(710) 717-3235,c4StgMt0tzT49hi7nAkO,Fri Feb 13 1998 01:23:29 GMT+0100 (West Africa Standard Time),Gambia
246,Brenden,Gislason,Joshua34@yahoo.com,603.276.6951 x52344,KQF73QIOZUYwko8uFgw6,Tue Sep 14 1982 19:35:46 GMT+0100 (West Africa Standard Time),Jersey
247,Alisha,Block,Jessica_Champlin35@yahoo.com,326-845-9050 x8858,QnSStRHlPfH2L0gPLM3R,Thu Oct 21 1976 03:10:53 GMT+0100 (West Africa Standard Time),United States of America
248,Aliya,Koss,Candice_Leuschke93@hotmail.com,(945) 902-4919 x7728,OZ6NUOmpUMPrjl3WgdGo,Sat Jul 17 1948 09:19:31 GMT+0100 (West Africa Standard Time),Greece
249,Blaise,Franecki,Antonina.Schowalter56@hotmail.com,(707) 932-2550 x7963,jf4GFoY8hiAeY6sYXmCN,Sun Oct 27 1996 17:54:57 GMT+0100 (West Africa Standard Time),Russian Federation
250,Nikita,Oberbrunner,Krista5@gmail.com,(999) 352-1021 x07135,YsDqLfE61sL8YlAsvBkl,Wed Apr 13 1983 02:22:12 GMT+0100 (West Africa Standard Time),Guam
251,Cassie,Langosh,Andreanne.Lehner@yahoo.com,208.544.9578 x654,FSRk1N6kZTMKInvgGHkJ,Thu Dec 18 1986 23:47:38 GMT+0100 (West Africa Standard Time),Morocco
252,Jana,Rippin,Elody.Heaney@hotmail.com,623-448-3356 x771,f2rcxmYRljQyqOOQ4ywA,Fri Dec 02 1994 20:17:27 GMT+0100 (West Africa Standard Time),Indonesia
253,Kiana,Becker,Devin_Runolfsson24@yahoo.com,878-580-9062 x26780,P4WCjxFQWIo7wsyfNU5N,Tue Mar 22 2005 11:21:04 GMT+0100 (West Africa Standard Time),Afghanistan
254,Lenora,Bergnaum,Lucas_Legros42@yahoo.com,(664) 863-7100 x7692,G4QBzZEeRt3RwNIgJJES,Tue Aug 23 1977 10:32:13 GMT+0100 (West Africa Standard Time),Israel
255,Claire,Stanton,Annetta49@gmail.com,1-759-216-0025 x5310,OeQO0xHWUaGYvQ9SfqNT,Thu Sep 28 1989 20:40:33 GMT+0100 (West Africa Standard Time),Belgium
256,Riley,Braun,Manuela90@hotmail.com,1-417-419-4253 x225,ucNhTEg5Dlp62wMCSpRx,Thu Nov 25 1982 11:33:22 GMT+0100 (West Africa Standard Time),Bahrain
257,Edwardo,Mayert,Sanford_Mitchell@hotmail.com,(900) 831-4810,SrdoxVvJ0pErYhROmRRV,Wed Oct 14 1970 12:25:31 GMT+0100 (West Africa Standard Time),Guernsey
258,Eliza,Buckridge,Tina.Walker71@hotmail.com,1-413-695-7424,Er3UdM8viCeBCo3j4huY,Sun Aug 03 1986 22:39:48 GMT+0100 (West Africa Standard Time),Aruba
259,Elliott,Cummings,Jason.Schmitt@hotmail.com,1-272-952-6877 x604,oPOLjWifOkpkQBdplYEg,Sat Jun 17 1944 17:02:39 GMT+0100 (West Africa Standard Time),Christmas Island
260,Edmund,Jacobs,Ollie.Rau@gmail.com,1-411-401-3889 x63844,odaJHQRPdqd18Aza1z8a,Fri Mar 27 1959 08:02:42 GMT+0100 (West Africa Standard Time),Bouvet Island
261,Brianne,Mante-Witting,Douglas55@gmail.com,680.612.3012 x13992,FJ20VdTNlclIRuR6Uy94,Wed Aug 10 1949 15:16:48 GMT+0100 (West Africa Standard Time),Saint Pierre and Miquelon
262,Amari,Nikolaus,Jude_Rath-Ritchie@hotmail.com,(605) 553-0925 x99026,xkT1PgP2M6ray1YXFtip,Sun Jul 23 1961 15:37:45 GMT+0100 (West Africa Standard Time),Moldova
263,Vivianne,Klein,Mittie_Mante94@hotmail.com,777-746-0484 x451,1r9gYJtrT0CFEhCFsi7X,Fri Sep 16 1988 23:59:03 GMT+0100 (West Africa Standard Time),Cocos (Keeling) Islands
264,Edgardo,Leannon,Marquise_Lowe22@gmail.com,1-389-359-1036 x792,dM7PaoR0cwJ1skoZqNHJ,Mon Mar 01 2004 19:29:56 GMT+0100 (West Africa Standard Time),Luxembourg
265,Myah,Baumbach,Rae.Hudson96@yahoo.com,1-818-407-2168 x6637,t6Qble5q8PnBzhGamWY9,Sat Dec 20 1958 18:58:19 GMT+0100 (West Africa Standard Time),Burundi
266,Gavin,Luettgen,Violette.Pfannerstill-Dare49@hotmail.com,(983) 780-0312 x790,TKG8FKzhQRyDUBy8AA2d,Thu Jul 04 1991 14:35:07 GMT+0100 (West Africa Standard Time),Kiribati
267,Myra,Emard,Raleigh98@hotmail.com,823-908-0986 x231,McriYJXWo50jze0g0ebB,Mon May 17 1982 04:09:31 GMT+0100 (West Africa Standard Time),Gibraltar
268,Nathanial,Braun-Hills,Amira.Jenkins@hotmail.com,1-544-530-3737 x8587,Kpm1GLsgDrm1LYRPHO0i,Mon Feb 11 1963 06:33:56 GMT+0100 (West Africa Standard Time),Hong Kong
269,Mariam,Sipes,Darrin65@hotmail.com,(568) 426-0048 x2724,dmFCeyAJg26OplsnubYi,Sun Mar 24 1996 03:45:44 GMT+0100 (West Africa Standard Time),Singapore
270,Frederic,Quigley,Ila96@hotmail.com,685.291.1365,FTe8gNOzZte0tOyF2UqV,Wed Jul 11 1951 01:39:19 GMT+0100 (West Africa Standard Time),El Salvador
271,Kole,Hirthe,Emiliano_Hayes@hotmail.com,540-324-5186 x75201,92OSZYBW5VQEPWav9RXT,Sat Oct 21 1950 16:48:51 GMT+0100 (West Africa Standard Time),Zimbabwe
272,Aisha,Volkman,Peyton.Kassulke14@yahoo.com,674-641-7314,n5EprNFDDQEOcWZaIv39,Fri Nov 09 1984 07:43:15 GMT+0100 (West Africa Standard Time),Saint Lucia
273,Chaya,Bogan,Myriam_Nicolas@gmail.com,598.908.9809,QpLhNIpg5bpLaemFlqoJ,Thu Jan 22 1953 11:49:02 GMT+0100 (West Africa Standard Time),Burkina Faso
274,Lew,Kuhn,Kaleb1@yahoo.com,374.456.5924 x639,2cpO4c4kVsxJjOPcCMhs,Wed Jan 19 1972 03:38:17 GMT+0100 (West Africa Standard Time),Somalia
275,Juliet,Lang,Larry72@hotmail.com,704.977.1666 x3724,8iPlhqm09LL6aDZDqMSR,Sat May 09 1970 03:47:32 GMT+0100 (West Africa Standard Time),Yemen
276,Duane,Emard,Dina89@yahoo.com,247-500-3800 x023,JeXoUv8cDDRU9lzjsSNS,Wed Feb 21 1945 18:42:09 GMT+0100 (West Africa Standard Time),Gambia
277,Wava,Brakus,Cali82@yahoo.com,1-274-621-5406 x96358,tfC4ICXhodET5aGRzhGk,Sat Oct 28 1995 23:21:01 GMT+0100 (West Africa Standard Time),Bhutan
278,Kirstin,Kohler-Willms,Eldon_Jaskolski94@yahoo.com,856.910.8972 x972,nDR0eUj6Na6EYEDl1rqW,Sun Apr 21 1963 13:03:02 GMT+0100 (West Africa Standard Time),Estonia
279,Cleta,Grant,Otis_Bergstrom@yahoo.com,1-321-713-7150 x173,nxQ2EWs0LX5I1E9ABkyN,Mon Nov 27 1950 19:12:34 GMT+0100 (West Africa Standard Time),Democratic People's Republic of Korea
280,Sheridan,Stamm,Allison25@yahoo.com,1-811-688-6116 x1574,ix31v7Px3S0ePB3qpdqV,Fri Dec 15 1967 00:39:24 GMT+0100 (West Africa Standard Time),Nigeria
281,Werner,Kub,Savanna.Legros@hotmail.com,1-728-654-9396 x08653,84yc1CC7nmKqI2O9Uxfx,Mon Jul 14 2003 20:46:23 GMT+0100 (West Africa Standard Time),Czechia
282,Lysanne,Wiza,Kylie_Barrows28@gmail.com,439.759.7074 x90660,5Ad0ybOkYXI4YFS5TeUF,Mon Oct 29 1956 19:14:39 GMT+0100 (West Africa Standard Time),Kuwait
283,Abdiel,Glover,Marilyne72@gmail.com,275-435-9891 x8422,ATv7lHFukkF93pWR7gFb,Sat Jul 26 1958 19:03:37 GMT+0100 (West Africa Standard Time),Dominican Republic
284,Ruby,Lebsack,Luz12@gmail.com,329.722.0325 x95218,LYjser5gDHP0fXOKJkeL,Tue Oct 13 1970 09:49:38 GMT+0100 (West Africa Standard Time),Iraq
285,Lambert,Rath,Lloyd.Johns@hotmail.com,473.511.9782 x5368,YTZl4oHojIyMLZppmb26,Sun Oct 06 1991 14:56:52 GMT+0100 (West Africa Standard Time),Netherlands
286,Rudy,Konopelski,Meda15@yahoo.com,1-772-501-8065,uJGaS0SLP4rGRWc2hQZh,Sun Feb 01 2004 14:19:03 GMT+0100 (West Africa Standard Time),Serbia
287,Jayden,Emard,Blake_OHara@gmail.com,1-290-364-9704,G79Tsb9QGZjFdNuNHX9a,Sun Nov 30 1952 22:30:15 GMT+0100 (West Africa Standard Time),Eswatini
288,Ernestina,Crooks,Leon_Schultz62@yahoo.com,465.622.5418 x6184,zRORGvZYtHcWdsqYFeUy,Sat Apr 21 1956 02:36:39 GMT+0100 (West Africa Standard Time),Cameroon
289,Pete,Bergnaum,Noel.Fahey@yahoo.com,(558) 682-1065 x311,blM9uEg82i54ZHMEGlSh,Mon Aug 21 1950 23:17:39 GMT+0100 (West Africa Standard Time),South Georgia and the South Sandwich Islands
290,Osvaldo,Ritchie,Katharina_Friesen64@hotmail.com,660-644-6942 x900,WwwnAbmexEVbOIXjZWfz,Thu Jun 19 1980 03:06:12 GMT+0100 (West Africa Standard Time),Belgium
291,Flo,Hettinger,Jarrell.Quitzon0@gmail.com,1-838-496-2135,G6VA1197tHJGlNTBEN83,Fri May 07 1948 19:07:33 GMT+0100 (West Africa Standard Time),Hong Kong
292,Alexandrea,Daniel,Damion.Koch@hotmail.com,661.683.5831,hZZsxx5iDtshx7ncGUw7,Wed Feb 17 1965 03:25:17 GMT+0100 (West Africa Standard Time),Aruba
293,Richard,Schamberger,Rodrigo_Wolff13@gmail.com,691-418-0589,xuWR87bJ3TgqChPSZExv,Wed Jul 31 1985 20:20:29 GMT+0100 (West Africa Standard Time),Reunion
294,Ericka,Ortiz-Ernser,Rozella29@yahoo.com,678.468.1746 x4867,spssuYeNlgyKRglml3Zu,Mon Apr 10 1995 08:44:45 GMT+0100 (West Africa Standard Time),Sierra Leone
295,Manuela,Block,Tito_Wehner18@yahoo.com,538-654-0113 x3780,7wjWngevBMUijAPl5DnZ,Sun Feb 18 1945 18:45:24 GMT+0100 (West Africa Standard Time),Ethiopia
296,Eleanora,Thompson-Hand,Mekhi_Cronin@hotmail.com,491-585-3152 x952,i8naZSI5N3OfY5kVqMof,Wed Jul 26 1995 04:16:30 GMT+0100 (West Africa Standard Time),"Bonaire, Sint Eustatius and Saba"
297,Loyce,Glover,Julien_Dickinson51@gmail.com,647.909.4366 x276,FuhESAJIUGzI3TmZOwGC,Sat Sep 09 1972 12:44:03 GMT+0100 (West Africa Standard Time),Nauru
298,Bradley,Kirlin-Wehner,Marshall.OReilly-Stehr49@hotmail.com,(706) 228-8906 x8734,ZdGFdToPTYuDClfQDxmL,Fri May 18 2001 18:59:06 GMT+0100 (West Africa Standard Time),Tuvalu
299,Darrick,Reynolds,Otha.Padberg@hotmail.com,1-766-704-9136,dbLRJEhi21uTRpkVsHtg,Tue Jun 09 1998 12:16:06 GMT+0100 (West Africa Standard Time),Syrian Arab Republic
300,Forest,Quigley-O'Hara,Anjali_Goldner52@gmail.com,1-706-580-3495 x30951,iBSxphTRS18kd7MjsIKS,Mon May 29 1950 17:01:15 GMT+0100 (West Africa Standard Time),Algeria
301,Matt,Cole,Vance40@hotmail.com,(664) 654-9078,3IezDEHH9LAO3jBLp85P,Thu Apr 16 1981 14:26:03 GMT+0100 (West Africa Standard Time),Israel
302,Bennett,Lebsack,Leif.Tromp32@yahoo.com,843.827.1466 x65752,9wpKoWTTBM0usj5NLl1s,Wed Nov 09 1966 15:20:02 GMT+0100 (West Africa Standard Time),Macao
303,Jazmyn,Zulauf,Leon_Bechtelar47@hotmail.com,629.233.2598 x4776,3tfGTtFSc29ODEVQh4Oz,Wed Mar 16 1977 19:40:43 GMT+0100 (West Africa Standard Time),Democratic People's Republic of Korea
304,Maurine,Erdman,Cordell_Rippin35@yahoo.com,(204) 411-7581,dt7YzsEJzyntXmwvU8vi,Sun Aug 18 1957 08:11:46 GMT+0100 (West Africa Standard Time),Maldives
305,Maud,Renner,Hermina.Hammes@yahoo.com,1-749-365-7983,rfzXOQ1XICCDJCcyB52X,Thu Apr 21 1960 21:33:06 GMT+0100 (West Africa Standard Time),Japan
306,Vance,Fadel,Aiden90@yahoo.com,348.303.0737,JF3iSvzd6vRorLVN40vp,Sat Aug 03 1985 16:03:25 GMT+0100 (West Africa Standard Time),Liechtenstein
307,Wilfred,Simonis,Laurianne_Hickle@gmail.com,763-964-0718 x953,aWNKsclroghxZ3bItM5C,Mon Apr 26 1948 00:00:48 GMT+0100 (West Africa Standard Time),Malawi
308,Ludie,Glover,Al_Gerhold@gmail.com,432.337.5197 x4461,o3jvAHvkJGekIr6RCWvJ,Wed Feb 15 1950 07:29:13 GMT+0100 (West Africa Standard Time),Sri Lanka
309,Osbaldo,Hyatt,Daren_Schmitt@hotmail.com,563-612-8705,lN45DW803QSKRLmhp2Jz,Mon Apr 21 1969 11:52:34 GMT+0100 (West Africa Standard Time),Ireland
310,Lenny,Pagac,Tracey.Douglas@gmail.com,1-774-314-6368 x19870,qO8j5nVYkcr4fwJnpIH2,Tue Dec 05 2000 20:26:55 GMT+0100 (West Africa Standard Time),Saint Pierre and Miquelon
311,Lenora,Hettinger,Korey.Kerluke@yahoo.com,738.790.2309 x678,q1LWB8ZT4prRjsiFoHJp,Thu Jul 06 1995 06:51:35 GMT+0100 (West Africa Standard Time),Solomon Islands
312,Queenie,Jacobi,Sonny_Dibbert@gmail.com,1-438-262-4589,Ix728xfZPElwGnQVvCSP,Tue Sep 07 1993 03:50:18 GMT+0100 (West Africa Standard Time),Armenia
313,Johann,Maggio,Courtney_Schaefer44@gmail.com,717.676.7676 x8010,I85qEhjn1zo0BSEGKjMF,Mon Oct 25 2004 06:30:02 GMT+0100 (West Africa Standard Time),Pitcairn Islands
314,Jackson,Swift-Brekke,Rodrigo_Thompson41@gmail.com,429.692.6720 x42991,kBXhN46FnmCCI8J5NWBZ,Thu Jan 25 1951 21:32:08 GMT+0100 (West Africa Standard Time),Uruguay
315,Dell,Blick,Emmie56@hotmail.com,(940) 804-1208,ySLRTyXfrkBHmuxPKSip,Sun Feb 23 1969 04:44:04 GMT+0100 (West Africa Standard Time),Jamaica
316,Jadyn,Kunde,Orlando43@hotmail.com,962-664-1807 x032,Zo5esKXSqH6SdZqZjxYL,Thu Jun 07 2001 06:49:42 GMT+0100 (West Africa Standard Time),Tanzania
317,Modesto,Fahey,Aurelie.Watsica85@yahoo.com,759-526-7380 x94532,n2tJWMByTEtFgXTvnow4,Sun Jul 01 1962 12:44:33 GMT+0100 (West Africa Standard Time),Guadeloupe
318,Jevon,Ortiz,Isabell87@gmail.com,(332) 250-5907 x488,SOUNZ2ZD3eqicuBvx0wN,Fri Mar 25 1977 11:45:29 GMT+0100 (West Africa Standard Time),Portugal
319,Brennan,Collier,Pearlie_Fay-Bogisich@hotmail.com,230-585-7938 x449,7HPrjeldJbVHFwZbzLTy,Mon Jun 17 1963 00:16:40 GMT+0100 (West Africa Standard Time),Cocos (Keeling) Islands
320,Bettie,Bins,Payton87@gmail.com,(875) 811-4772,LFlnDP79BeLjEiVInfWp,Thu Mar 11 1965 22:21:22 GMT+0100 (West Africa Standard Time),Qatar
321,Augustus,Kutch,Oswald.Gulgowski@gmail.com,(655) 728-9271,6xu4JEWFPkwLHMUXQxKn,Thu Oct 31 1963 11:38:18 GMT+0100 (West Africa Standard Time),Guernsey
322,Isadore,Lynch,Joesph_Schulist38@gmail.com,1-443-769-4308 x91414,KOvH6d4Nua7CMiFtOhhb,Sat Feb 11 1950 02:14:44 GMT+0100 (West Africa Standard Time),British Indian Ocean Territory (Chagos Archipelago)
323,Macie,Treutel,Maximillia2@yahoo.com,415-528-0040 x6192,qVHErC64eOzlI3MmHT5u,Thu Apr 16 1987 02:19:47 GMT+0100 (West Africa Standard Time),India
324,Cristobal,Torphy-Graham,Maribel98@yahoo.com,237.292.4394 x2703,8wWGFSo71osllS9qyxkZ,Wed Mar 10 1982 10:57:11 GMT+0100 (West Africa Standard Time),Ghana
325,Kathryn,Mueller,Janet_Stoltenberg63@hotmail.com,347.939.0991 x2832,QwnoERj6FQlVgdDe2c3h,Sun Jun 15 1975 00:15:24 GMT+0100 (West Africa Standard Time),Sudan
326,Anibal,Jacobi,Osvaldo.Schumm29@gmail.com,(994) 211-0040 x96865,2x8xSQdWaiFZCYaQoSB0,Sat Nov 28 1987 12:26:23 GMT+0100 (West Africa Standard Time),Nigeria
327,Lizeth,Mraz,Jewel7@yahoo.com,697.371.4061 x07777,MUtShGGt1Rur0gcWik28,Thu Jun 28 1973 07:41:20 GMT+0100 (West Africa Standard Time),Romania
328,Jadyn,Fay,Andreane30@hotmail.com,541-461-3173 x132,waVGnhgsRZbj8eIVnZbJ,Mon Sep 24 2001 21:23:30 GMT+0100 (West Africa Standard Time),British Indian Ocean Territory (Chagos Archipelago)
329,Leonor,Bayer,Chaim_Blanda@hotmail.com,550.854.9070 x056,HDRPU3zhPx3mGkn0oddW,Tue Mar 22 1955 13:06:01 GMT+0100 (West Africa Standard Time),Serbia
330,Kaden,Wilkinson,Melvin_Bergnaum21@gmail.com,957-796-3578 x471,IH7VSp5Kja12bbONrGY8,Mon Oct 26 1981 02:13:40 GMT+0100 (West Africa Standard Time),Iceland
331,Lily,Price,Jordy61@yahoo.com,913.459.6885 x4681,9ESW5c8rVUwt3AQVj9zg,Sat Jan 08 1944 20:50:12 GMT+0100 (West Africa Standard Time),Montenegro
332,Monty,Dach,Jovan26@gmail.com,237.545.0224 x5041,1pw5yVjom67RvqRo65rd,Sun Dec 22 1957 22:15:15 GMT+0100 (West Africa Standard Time),Faroe Islands
333,Reinhold,Zboncak-Considine,Wendy.Heidenreich@yahoo.com,(894) 812-0240 x423,GOmQSURV4WlW2QR0CSsd,Sat Oct 28 1978 12:52:16 GMT+0100 (West Africa Standard Time),Reunion
334,Nathen,Anderson,Makenzie.Emard@hotmail.com,441.261.2563 x706,C7Sk6MOgKc3IiyGgOqE1,Fri Feb 02 1968 23:33:32 GMT+0100 (West Africa Standard Time),Iceland
335,Dillon,Hansen,Mervin36@hotmail.com,777.998.0895 x0398,GndD2LVYD7mZ49CDUACn,Tue Aug 03 1965 04:04:30 GMT+0100 (West Africa Standard Time),Andorra
336,Janet,Koss,Jocelyn_Corwin61@yahoo.com,1-881-898-8889 x046,xvNs4P66zapfmGza1tfE,Tue Dec 08 1953 10:49:05 GMT+0100 (West Africa Standard Time),Japan
337,Griffin,Johnson,Enrico.Stiedemann66@hotmail.com,1-915-689-3752 x8765,z7zGYJLGVVkk0PRJgY6p,Sat Apr 03 1965 06:30:47 GMT+0100 (West Africa Standard Time),Cameroon
338,Annabell,Grady,Lois.Pfannerstill@gmail.com,(214) 920-8585 x5120,cGhOFOEEKnjasgF8ru3D,Thu Jun 29 1972 11:28:33 GMT+0100 (West Africa Standard Time),Australia
339,Ressie,Dickinson,Drake.Hamill0@yahoo.com,236.927.9439 x5884,n1zlQ4TgyG2uA5xCTT7E,Sun May 09 2004 13:33:45 GMT+0100 (West Africa Standard Time),Sri Lanka
340,Romaine,Pacocha,Braden_Stamm@gmail.com,689-573-4138 x8820,axNXx9SAQ3FBr1E12Ryt,Thu May 01 1980 22:13:39 GMT+0100 (West Africa Standard Time),Germany
341,Taurean,Boehm,Deangelo_Wisoky11@hotmail.com,462-858-9818,jf7K27vjJ1Krvb9WSn8J,Sat Nov 15 1947 15:45:04 GMT+0100 (West Africa Standard Time),Nepal
342,Kailyn,Kub,Geoffrey.OConnell3@hotmail.com,308-953-9502,TG8mEXtCajU4zMYEvCfs,Wed Sep 09 1992 23:15:13 GMT+0100 (West Africa Standard Time),Haiti
343,Marlon,Pacocha,Jackeline7@yahoo.com,1-604-854-6114 x511,orqR6KPwyPKIwaOIF6NC,Tue Jul 16 1963 18:18:44 GMT+0100 (West Africa Standard Time),Tajikistan
344,Leora,Schmidt,Bennie_Kuvalis@hotmail.com,355.316.2108,7rbosHznHkDPvk1X9vMi,Sun Jun 17 1956 23:47:59 GMT+0100 (West Africa Standard Time),Saint Martin
345,Larue,Hyatt,Jess74@yahoo.com,907-859-6290 x95338,BH2m8ZxfyU9DG2tgzOhV,Tue Oct 17 2000 03:33:27 GMT+0100 (West Africa Standard Time),Gabon
346,Onie,Leannon,Marietta50@hotmail.com,1-671-743-4992,5cB0Po32XMevbe6H887f,Mon Jul 01 1946 03:59:30 GMT+0100 (West Africa Standard Time),Puerto Rico
347,Caterina,Herzog,Alba.Wuckert@yahoo.com,(805) 975-2749,qRcsjOjMXLxMTvah9FS2,Fri Feb 01 1974 09:21:46 GMT+0100 (West Africa Standard Time),Georgia
348,Eloisa,Bogan,Vida27@hotmail.com,255-582-8819 x4067,4tRZza763Ouu4vulwhPb,Sat May 30 1998 02:43:02 GMT+0100 (West Africa Standard Time),Uganda
349,Rubie,Lindgren,Katelin_Rau92@hotmail.com,676-662-1990 x86434,WlKExxkGjmkBXDKDVilG,Thu Aug 08 1985 05:38:40 GMT+0100 (West Africa Standard Time),Nicaragua
350,America,Wolf,Pamela_Kulas@hotmail.com,371-244-4667,ciM4Y4CTzF6VcSmvXJ12,Sun Mar 02 1947 05:25:16 GMT+0100 (West Africa Standard Time),Belize
351,Kaitlin,Schultz,Camille.Wiegand@hotmail.com,618-239-1560 x822,IGS2OWRRTE0q1sNJwGcH,Fri Jul 18 1986 05:30:35 GMT+0100 (West Africa Standard Time),Angola
352,Darrick,Feest,Saige_Watsica20@yahoo.com,635-653-5178,zHoKOkUnKfOfqjIIGxFB,Tue Aug 19 1986 02:18:51 GMT+0100 (West Africa Standard Time),Macao
353,Kristoffer,Abshire-Frami,Cesar_Conroy70@yahoo.com,1-797-847-0333 x096,tm8dxEzjGRuqINjbA4Kg,Fri Jul 22 1960 06:52:49 GMT+0100 (West Africa Standard Time),Sao Tome and Principe
354,Bobby,Bergstrom,Winona_Hintz13@gmail.com,(327) 644-1324 x90891,XQV8Yg70Hjax9PXPm69O,Thu Nov 23 2000 12:19:17 GMT+0100 (West Africa Standard Time),New Zealand
355,Gregg,Zboncak,Andy_Crist28@yahoo.com,(493) 870-9916 x70550,rxbwBRNdqTVBrQAV8HZR,Sat Nov 29 1958 03:44:37 GMT+0100 (West Africa Standard Time),Norfolk Island
356,Alayna,Johns,Donny_Terry59@gmail.com,663.636.4434 x975,GZgrsQlFIvWtA37Rokjn,Tue Jun 08 1971 04:22:02 GMT+0100 (West Africa Standard Time),Afghanistan
357,Thomas,Smitham,Ethyl.Rodriguez49@hotmail.com,479.778.8726 x867,5mcVD7W93DCnx90PuDw0,Mon Jan 26 1998 13:35:37 GMT+0100 (West Africa Standard Time),North Macedonia
358,Katherine,Witting,Mathew66@yahoo.com,(810) 782-5120 x16210,fvNqHVz5kJixyVoHvV7G,Tue May 23 1989 13:54:31 GMT+0100 (West Africa Standard Time),Cuba
359,Lavina,Johns,Gerald.Ortiz@yahoo.com,513.260.8301 x7470,RWYSwJKWpOrac7ALwt4b,Sun Sep 30 1945 17:54:25 GMT+0100 (West Africa Standard Time),Botswana
360,Vincenza,Bayer,Greta.Stokes@hotmail.com,625-282-5799 x61647,roVYgntRKvxSethw7NEz,Wed Aug 12 1953 14:22:52 GMT+0100 (West Africa Standard Time),Sao Tome and Principe
361,Jarrett,Franecki,Kianna67@hotmail.com,(829) 809-7655 x82335,vsuax9PaiSjuFzLvgjn2,Thu Aug 20 1987 12:57:33 GMT+0100 (West Africa Standard Time),Algeria
362,Cleveland,Schulist,Chase.Haley28@hotmail.com,201-379-7976 x07299,6aXWba9nJOcLns52p6pa,Tue Oct 29 1963 15:30:59 GMT+0100 (West Africa Standard Time),Italy
363,Joana,Harvey,Jody9@hotmail.com,(893) 920-6306 x341,vlCaMfWZ0l9z7xTD9bmT,Thu Jan 01 1970 08:53:57 GMT+0100 (West Africa Standard Time),Malaysia
364,Jaeden,Stoltenberg,Giovani51@gmail.com,1-211-890-7033 x1226,G0MSRAFhXOmlpcNj4A54,Sun Nov 22 1953 14:31:10 GMT+0100 (West Africa Standard Time),Lao People's Democratic Republic
365,Frederick,Erdman,Salvatore87@hotmail.com,(817) 655-0280 x5972,awTvfyp3piAlNqnyIgyD,Wed Aug 02 1972 02:34:36 GMT+0100 (West Africa Standard Time),Jersey
366,Clemmie,Blanda,Jamison.Sipes@hotmail.com,260-979-3107 x2471,kRZzmN13Rmth0KaDIT2q,Sun Nov 07 2004 03:14:10 GMT+0100 (West Africa Standard Time),Cocos (Keeling) Islands
367,Korey,Wuckert,Donny36@yahoo.com,321-894-9510 x278,VspafIoBzHj1uqyrcwYk,Sat Dec 16 1995 06:39:11 GMT+0100 (West Africa Standard Time),Paraguay
368,Eveline,Stamm,Sierra.Gutmann@hotmail.com,(835) 637-7851 x3921,LZNY5r123QxkwcHKRL1w,Thu Jan 04 1973 03:05:26 GMT+0100 (West Africa Standard Time),Costa Rica
369,Vilma,Runolfsson,Alphonso_Pagac@yahoo.com,309.356.3613 x3597,kFjf9hiPFnZ8nECz8g6h,Fri Apr 20 1990 06:02:00 GMT+0100 (West Africa Standard Time),Republic of Korea
370,Nelle,Schimmel,Joy.Yost47@gmail.com,(466) 360-1494,OHdMr4RsY6Rfxw8ndEYd,Sat Jan 01 1966 11:20:07 GMT+0100 (West Africa Standard Time),Germany
371,Kyle,Farrell-Dicki,Giovanni_Maggio-Nitzsche81@gmail.com,1-708-479-8438 x218,X5gfAo3eKqkAiuvuuWfL,Tue Nov 12 1968 11:19:31 GMT+0100 (West Africa Standard Time),Senegal
372,Makenzie,Stamm,Cale.Stanton@yahoo.com,(287) 859-4622,3EumaxoyMKh18YRq5ruy,Sat Jan 18 1958 18:50:44 GMT+0100 (West Africa Standard Time),Palestine
373,Matt,Nikolaus,Martina_Watsica53@yahoo.com,(476) 945-5156 x158,rI3F0g7JGco9t0boYVf6,Mon Apr 20 1987 18:56:56 GMT+0100 (West Africa Standard Time),Gibraltar
374,Lavon,Hermann,Leanna_Stiedemann37@yahoo.com,516.696.0958 x5819,gIHRNcjyFcvpC2AOSWss,Mon Nov 20 2000 11:45:17 GMT+0100 (West Africa Standard Time),Sri Lanka
375,Hoyt,Leannon,Dusty6@yahoo.com,1-609-731-4688 x5213,FpIn5ljYlrNHTVnvYLHs,Fri Jan 31 1997 16:57:47 GMT+0100 (West Africa Standard Time),Hong Kong
376,Rocky,Bahringer,Christ42@gmail.com,608-227-2327 x2011,Ws2fvNk7aXZ1i9tkCU4o,Wed May 10 2000 21:05:01 GMT+0100 (West Africa Standard Time),Chile
377,Jesse,Anderson,Nathen_Schulist@yahoo.com,264.565.4993 x10933,kH1jRoQOLSb3AT1J6ukm,Fri Mar 17 2000 01:04:45 GMT+0100 (West Africa Standard Time),American Samoa
378,Gino,Spinka,Julie21@gmail.com,324.836.4818,xolElVvsCVra5UeWEo18,Tue Mar 10 1953 15:40:05 GMT+0100 (West Africa Standard Time),Malawi
379,Casimer,Rolfson,Clemmie_Boyle@yahoo.com,216.738.5043 x878,gVfr8rPmrBqwvq2iz7PS,Wed Sep 25 1957 08:35:11 GMT+0100 (West Africa Standard Time),Andorra
380,Raleigh,McCullough,Albin.Hintz@hotmail.com,1-575-917-9095,ntyxUYTSQTpWN8SkwqWd,Thu Nov 23 1961 14:27:19 GMT+0100 (West Africa Standard Time),Myanmar
381,Federico,Bayer,Derick39@gmail.com,635-830-1399,BqX5db25fPovmbeqBWVd,Mon Jun 17 1968 10:53:30 GMT+0100 (West Africa Standard Time),Hungary
382,Elmer,Ernser,Emory40@yahoo.com,(759) 938-8373 x28856,dRxW1xCLhSleGikEuvIZ,Fri Mar 20 1987 15:01:03 GMT+0100 (West Africa Standard Time),Philippines
383,Cory,Keebler,Joan_Batz38@yahoo.com,350-419-8850 x3194,EJLjEdMo6F0oAaTKCRiB,Sat Apr 26 1997 16:18:33 GMT+0100 (West Africa Standard Time),Ethiopia
384,Elvie,Armstrong,Roxanne.Jerde86@yahoo.com,1-985-613-6696,JKRo51WzXSww2DaoG8xS,Tue Dec 07 1948 02:45:34 GMT+0100 (West Africa Standard Time),Andorra
385,Barrett,Shanahan,Braulio.Stark90@hotmail.com,(532) 360-7436 x9794,VD4HemXrds4XFKKhsPAj,Fri Aug 11 1967 09:38:48 GMT+0100 (West Africa Standard Time),Malaysia
386,Laurence,Rempel,Carrie_Metz43@hotmail.com,379-545-1869,7iWwrSr8BsVz0qYJVP88,Sun Sep 30 2001 21:03:11 GMT+0100 (West Africa Standard Time),Slovakia
387,Allene,Crona,Brendan83@gmail.com,234.679.6774 x237,ptWRa485NqxhJVqGHyd8,Wed Apr 28 1993 04:40:12 GMT+0100 (West Africa Standard Time),Dominica
388,Janelle,Schuppe,Colleen_Hegmann93@gmail.com,795-939-6795 x285,WLYrj47LLLuZE6ehAiU8,Wed Jan 12 1994 14:19:42 GMT+0100 (West Africa Standard Time),Mexico
389,Tierra,Mertz,Gilberto57@yahoo.com,1-719-861-4985,Z1detxDh64WlGn9EwPVC,Fri Jul 22 2005 23:33:12 GMT+0100 (West Africa Standard Time),Malawi
390,Elmira,Kilback,Joan.Lubowitz96@yahoo.com,(451) 272-3605 x795,EHbWA0tsr8STJXvUSleT,Tue Nov 23 1965 16:46:11 GMT+0100 (West Africa Standard Time),United Kingdom
391,Hannah,Kilback,Van5@gmail.com,(655) 372-5696 x0575,oNy91O67mXCXa726ShOM,Fri May 11 1984 14:26:03 GMT+0100 (West Africa Standard Time),Saint Lucia
392,Kailyn,Cassin,Andre_Gutmann51@hotmail.com,1-496-717-5269 x37336,6GYpRgzf0mPjDK2J5RnO,Sun Jan 04 2004 22:01:48 GMT+0100 (West Africa Standard Time),Uzbekistan
393,Jolie,Morissette,Lewis_Luettgen95@gmail.com,(227) 374-7776 x71944,bOPriNIZzdTDR1GEogxE,Wed May 22 1985 10:41:01 GMT+0100 (West Africa Standard Time),Luxembourg
394,Jazmyne,Reilly,Arlie87@yahoo.com,(592) 722-8232 x321,pKMEPixgAX0WuX2y7ijt,Thu Jul 21 1994 20:35:35 GMT+0100 (West Africa Standard Time),Saint Vincent and the Grenadines
395,Carlotta,Zulauf,Rosario43@gmail.com,1-879-983-2947 x99429,arKIaMvkvYHGCnf7XQBl,Tue Apr 06 1971 08:59:40 GMT+0100 (West Africa Standard Time),Cote d'Ivoire
396,Brisa,Hickle,Ottis.Barton@hotmail.com,585-654-7483 x0361,DedV12OzorfepIQ2K20C,Sat Nov 04 1944 10:34:16 GMT+0100 (West Africa Standard Time),Lesotho
397,Myrtle,Reilly,Asia62@yahoo.com,(960) 348-7220,zxGg2F8OuTdOYDUa0AcO,Tue May 05 1987 02:02:48 GMT+0100 (West Africa Standard Time),Papua New Guinea
398,Brooke,Torphy,Hazle59@gmail.com,807-266-1014 x583,deI6CDOjuzNwEUFqYigH,Mon May 05 1997 04:38:01 GMT+0100 (West Africa Standard Time),Tanzania
399,Sandra,Auer,Haven.Cormier11@yahoo.com,1-608-548-5617,s86TJKWiTOavsGpsdxq5,Tue Sep 03 1946 13:12:34 GMT+0100 (West Africa Standard Time),Christmas Island
400,Eugene,Towne,Ericka.Harris@yahoo.com,923-966-8819,vT0eI82r9ZBToJ37tpnL,Sun Jul 27 1958 17:13:48 GMT+0100 (West Africa Standard Time),Nepal
401,Rebeca,Bogisich,Santina57@hotmail.com,801-326-0356,ear5jKdtA7jd9CjCakcV,Fri Jan 13 1978 15:49:17 GMT+0100 (West Africa Standard Time),Austria
402,Newton,Smitham,Shayne_Veum18@yahoo.com,436.725.2578 x3067,PGimkXIfCYCtZeSwmfv4,Sun Jan 26 1958 09:02:31 GMT+0100 (West Africa Standard Time),Gibraltar
403,Deven,Padberg,Felicity11@hotmail.com,767.471.3936 x9107,2U2SdrNITizWHRTaqP3G,Thu Apr 11 2002 06:05:14 GMT+0100 (West Africa Standard Time),Japan
404,Novella,Boyle,Arch16@hotmail.com,807.833.6867,7egYzCYRLFkIvTLMNLwp,Fri Apr 26 1991 17:14:46 GMT+0100 (West Africa Standard Time),Argentina
405,Valerie,Waters,Guiseppe_Romaguera@yahoo.com,249-835-8941 x37621,47AnRinlKquP71pEQp20,Wed Apr 08 1987 17:04:37 GMT+0100 (West Africa Standard Time),Iceland
406,Melba,Willms,Lexie_McGlynn8@yahoo.com,(365) 823-4345,VXxsxjqybhqgMAvjejLF,Fri Apr 16 2004 08:52:01 GMT+0100 (West Africa Standard Time),Vietnam
407,Leda,Rohan,Jacinto_Wisoky@hotmail.com,347.377.7438 x035,Ki0g9SBtqwPxXV3Y5RDU,Wed Dec 07 1949 18:32:19 GMT+0100 (West Africa Standard Time),Namibia
408,Timmothy,Thompson,Ashley30@hotmail.com,1-996-458-7719 x1831,9powNcreerWqGBHBySsh,Fri Aug 03 1973 21:20:34 GMT+0100 (West Africa Standard Time),United States of America
409,Hobart,Kiehn,Cora.Gutkowski54@hotmail.com,220-725-8164 x80730,91SyDazlV0JSe7xJBZON,Mon Aug 17 1998 22:55:50 GMT+0100 (West Africa Standard Time),Ukraine
410,Jacky,Marks,Fredy13@gmail.com,1-897-492-6261 x2433,ZwbjBLJhZu5Wb63XiY5t,Thu Jan 01 1953 10:52:31 GMT+0100 (West Africa Standard Time),Pakistan
411,Myra,Nitzsche,Celine82@hotmail.com,1-562-750-2880 x266,TbjHmyMZ5asLWRsdDQqu,Sun Jul 26 1992 07:01:23 GMT+0100 (West Africa Standard Time),Austria
412,Reyna,Waelchi,Marquise.Smith37@yahoo.com,492.260.9192,mEN2Odqmi9BhsB5o4l3E,Thu Dec 21 1989 13:17:44 GMT+0100 (West Africa Standard Time),Turkmenistan
413,Hiram,Runte,Lelah_Beahan91@yahoo.com,454-519-6404 x4431,ADVWffKZpLvo7NIHiEmL,Wed May 19 1993 09:02:58 GMT+0100 (West Africa Standard Time),Denmark
414,Nettie,Towne,Chance.Homenick80@hotmail.com,825.902.9335 x283,f4wKPHGGkohbLrf1vRVJ,Sun May 02 1999 14:30:01 GMT+0100 (West Africa Standard Time),Namibia
415,Dominique,Casper-Franecki,Karen.Steuber12@gmail.com,907.655.5287 x327,U29d7uw3vZvRrQT8pvYT,Thu May 26 1994 19:18:37 GMT+0100 (West Africa Standard Time),Liberia
416,Ursula,Dare,Ettie_Blanda69@yahoo.com,310-637-7930 x0801,HeudWVh8vKwUluYsqGFm,Tue Feb 05 2002 14:45:09 GMT+0100 (West Africa Standard Time),Cyprus
417,Rachael,Gleason,Dusty_Lindgren43@gmail.com,(631) 713-6000 x4041,spey51GReNXckjZEWjXy,Tue Sep 18 1951 08:16:04 GMT+0100 (West Africa Standard Time),Togo
418,Chaya,Erdman,Derrick.Gerlach72@gmail.com,(264) 951-2540 x217,YpWOQEWVhnh5xVp4dMdM,Sun Sep 19 1993 10:59:08 GMT+0100 (West Africa Standard Time),United States of America
419,Drew,Steuber,Frieda.Schuppe7@hotmail.com,332.363.5101 x4095,XpWHUwguE5gPqMnrsoSX,Thu Sep 19 1996 02:16:16 GMT+0100 (West Africa Standard Time),Lebanon
420,Lorenzo,Metz,Vicky_Baumbach94@gmail.com,(690) 524-5875 x9487,PGo4VkCGUn65S0rQOlEU,Sat Mar 27 1999 22:40:03 GMT+0100 (West Africa Standard Time),Bahamas
421,Pietro,Kassulke,Adaline_Fisher51@hotmail.com,605-204-1292,K047NY9dJM6frzeFB650,Sun Nov 27 1966 01:37:17 GMT+0100 (West Africa Standard Time),Lebanon
422,Layla,Mraz,Damaris90@hotmail.com,1-417-487-6426 x428,yltujiDBsGINPTMqXKpj,Tue Sep 03 1946 07:16:21 GMT+0100 (West Africa Standard Time),Canada
423,Herman,Harvey,Julianne30@hotmail.com,517-857-9925,I0kF2Rhvlqa6N9rfR0qi,Sun Oct 20 1996 19:23:27 GMT+0100 (West Africa Standard Time),Somalia
424,Gerald,Smith,Margarette44@hotmail.com,989.366.6714 x658,dsiy79MpFxutFNVQ7uLG,Thu Jul 08 2004 08:11:07 GMT+0100 (West Africa Standard Time),Moldova
425,Christina,Pacocha-Emard,Deonte.Crist18@gmail.com,1-450-805-9031 x3420,pPsFs2uTGhF8l6EU8uXM,Sun May 06 1951 09:18:18 GMT+0100 (West Africa Standard Time),Guernsey
426,Juliana,Brown,Winfield19@gmail.com,(597) 256-8105 x7142,sbfK20bfjbTOvcgUtxGd,Sat Dec 04 1999 15:09:13 GMT+0100 (West Africa Standard Time),Belarus
427,Madelynn,Yost,Jairo_Funk76@gmail.com,(266) 971-5645 x3903,b7mEKEQ6uWoyY4byddUE,Sat Apr 14 1973 06:28:29 GMT+0100 (West Africa Standard Time),Puerto Rico
428,Jackson,Green-Champlin,Trevion.Dicki86@hotmail.com,1-220-905-2141 x6612,4Ir9DPoTrkggzFV0UtTh,Sun Apr 18 1971 07:18:24 GMT+0100 (West Africa Standard Time),Bangladesh
429,Jensen,Larkin,Nia_Aufderhar79@hotmail.com,1-553-314-0289 x8354,n7RTbQEx3TqF3Kdq1PFx,Tue Oct 04 1977 22:20:28 GMT+0100 (West Africa Standard Time),North Macedonia
430,Nicklaus,Bergstrom,Aurore.Parker81@gmail.com,1-977-431-9642 x046,bAyijImw4PQJXUicWtyz,Fri Jun 24 1983 08:32:21 GMT+0100 (West Africa Standard Time),Fiji
431,Retha,Littel,Izabella36@hotmail.com,1-397-957-7688 x203,pVo9YxkLBtOgi3OTApjK,Sun Nov 13 1966 04:09:54 GMT+0100 (West Africa Standard Time),Greenland
432,Vella,Dietrich,Boris10@yahoo.com,(406) 713-7941 x2344,KE3filORvCLavsTf5VpH,Wed Mar 22 1995 01:38:30 GMT+0100 (West Africa Standard Time),Congo
433,Rico,Wilkinson,Alexa_Ankunding@yahoo.com,470-448-0617 x822,4FtwgR5lot6Lf5NcWxd0,Wed Jan 08 2003 18:33:37 GMT+0100 (West Africa Standard Time),Falkland Islands (Malvinas)
434,Mustafa,Fay,Jacinto26@yahoo.com,1-544-466-4916,At7HaKEYwF0lBNdHGG8V,Wed May 30 1962 21:22:13 GMT+0100 (West Africa Standard Time),Ireland
435,Armani,Cassin,Lamont41@yahoo.com,(759) 909-0704 x064,iZwb5Lv5LNV0UOXUvJ8B,Tue Dec 16 2003 16:11:16 GMT+0100 (West Africa Standard Time),Jordan
436,Haylie,Nikolaus,Edmund18@hotmail.com,876.542.1354 x385,Z7tVIEfupP9GhiQc7sjT,Tue Nov 06 2001 06:56:09 GMT+0100 (West Africa Standard Time),Christmas Island
437,Demond,Stamm,Shaina2@hotmail.com,(694) 921-3372 x062,CVe2Mb5rPFuOxQMtBZC5,Sat Oct 28 1950 18:53:30 GMT+0100 (West Africa Standard Time),Kiribati
438,Bertrand,Dietrich,Easton_Stehr14@yahoo.com,863.679.2517 x6698,CdxyVLqPpzLYA9t1QJnK,Wed Oct 01 1947 18:10:12 GMT+0100 (West Africa Standard Time),El Salvador
439,Laila,Towne,Marcel.Kuhic-Gibson@hotmail.com,1-533-361-5579,zbQPFIWFR7mRekkSVlfC,Thu Mar 15 1962 11:48:14 GMT+0100 (West Africa Standard Time),Holy See (Vatican City State)
440,Aurelio,Torphy,Ethyl.Huel@yahoo.com,451.395.6805 x8475,FVBBAL1xGkc8OaZjwDc3,Tue Jan 10 1995 09:02:01 GMT+0100 (West Africa Standard Time),Guinea-Bissau
441,Kraig,Bechtelar,Art.Bailey59@yahoo.com,652-950-6694,YuBhBwm4E1oN01hxPNW2,Mon Jun 09 1947 18:16:03 GMT+0100 (West Africa Standard Time),Russian Federation
442,Berenice,Douglas,Serena.Adams69@hotmail.com,455-323-0438 x796,sG9QApkmPBixEiLqx5h6,Thu Feb 13 1986 06:52:19 GMT+0100 (West Africa Standard Time),Benin
443,Terrell,Hermann,Travis_Sporer@gmail.com,956-394-3090 x2990,Yp5CpEk3Rr2ixo0jWFEm,Wed Dec 21 1955 08:36:48 GMT+0100 (West Africa Standard Time),Zambia
444,Maia,Mosciski,Ansel56@gmail.com,1-575-558-0778,fR2BrfhXj0TfaebQrXTK,Thu Jul 29 1965 10:58:25 GMT+0100 (West Africa Standard Time),North Macedonia
445,Abdullah,Schroeder,Tamia_Farrell@hotmail.com,884.395.9726 x35923,jJt5e4wfaNpbqwyVuHIG,Thu Apr 16 1953 04:46:46 GMT+0100 (West Africa Standard Time),Iceland
446,Ed,Kiehn,Philip_Hudson69@gmail.com,245.410.8433 x935,ZldUByp7ZrZYc5iEQVIS,Sun Aug 14 1960 01:32:42 GMT+0100 (West Africa Standard Time),Ecuador
447,Destany,Welch,Lisa.Ziemann@hotmail.com,(922) 722-3326 x2305,va1J87VYdwdAUvjkmsar,Tue May 10 1949 10:23:58 GMT+0100 (West Africa Standard Time),New Caledonia
448,Jade,Wilderman,Megane.Mosciski@hotmail.com,1-706-483-7535 x74135,S5eznS56zEVuhut5boZq,Tue Mar 06 1973 04:12:05 GMT+0100 (West Africa Standard Time),Saudi Arabia
449,Bianka,Terry,Hilbert12@gmail.com,1-728-789-7171 x1179,DS9kgYeC5wOWYsJtlgbe,Mon May 06 2002 20:15:20 GMT+0100 (West Africa Standard Time),San Marino
450,Breana,Langworth,Alanis.Willms37@hotmail.com,(867) 294-5528 x097,VloHuEJcEunBdnNIVC6M,Fri Oct 18 1968 21:39:55 GMT+0100 (West Africa Standard Time),Eritrea
451,Tia,Howell,Esta37@gmail.com,(835) 729-3223 x7612,KVBj13smOYpONOfzGoMm,Tue Feb 06 1973 23:19:02 GMT+0100 (West Africa Standard Time),Haiti
452,Robb,Pfannerstill,Christina.Dickens@hotmail.com,(537) 268-9861 x3688,HKKStllLHq87ALlQcdJX,Sun Mar 18 1945 05:15:10 GMT+0100 (West Africa Standard Time),Saint Martin
453,Hayley,Gleichner,Muriel_Hintz10@gmail.com,931-222-3791,kAi0W38ZfvQoRtYTPlrm,Fri Mar 17 1995 07:26:45 GMT+0100 (West Africa Standard Time),Portugal
454,Verona,Emard,Braeden94@yahoo.com,791-659-8515,hy2k3J5yyGgu7SCRFpoe,Sun Nov 21 1999 15:31:49 GMT+0100 (West Africa Standard Time),Micronesia
455,Meda,Stark,Everardo_Wyman24@hotmail.com,708.397.1504 x044,RVLxW1cmxnHbKzmJKI5R,Tue Jan 09 2001 11:24:05 GMT+0100 (West Africa Standard Time),Rwanda
456,Ova,Monahan,Vance_Emard-Gislason74@hotmail.com,321.328.1889 x890,Q5aOyOPmzHbyvCEPOW44,Tue Aug 27 2002 07:47:19 GMT+0100 (West Africa Standard Time),Mali
457,Brant,Erdman-Langworth,Jayden.Kunze@yahoo.com,(858) 869-5560,IgG3nv1CTncrCPEVGkND,Wed Jul 15 1987 20:56:17 GMT+0100 (West Africa Standard Time),Eswatini
458,Linnie,Morissette,Ariane.Runolfsdottir81@gmail.com,497.909.7304 x223,0EAHDMujH3MC6AutkMAk,Mon Jan 06 1997 19:53:27 GMT+0100 (West Africa Standard Time),Palau
459,Bonita,Von-Franecki,Keshaun.Fisher11@hotmail.com,937.721.4568 x8692,mZH7P8TcNVeN58pT1KXx,Thu Dec 05 1946 16:18:03 GMT+0100 (West Africa Standard Time),North Macedonia
460,Pierce,Mann,Bertram29@yahoo.com,590-340-4388 x82333,FdHGdiilGiPAE8E8rvmM,Sat Feb 14 1970 19:46:48 GMT+0100 (West Africa Standard Time),Macao
461,Jerrod,Grant,Caleb_Gerlach4@hotmail.com,(498) 853-5472 x4369,2OUjr0Zt7FInm1xm5TgE,Fri Jul 29 1983 04:39:49 GMT+0100 (West Africa Standard Time),Azerbaijan
462,Elenor,Kozey,Ottis65@gmail.com,1-304-679-0692 x2059,7gVJliVM1YsRxqMbZMkd,Sun Jun 04 1989 05:02:57 GMT+0100 (West Africa Standard Time),Malta
463,Sebastian,Daugherty,Jerald.Rolfson85@gmail.com,837.712.5786 x121,WQbuq1KUnxqaFJ1mg7eL,Thu Oct 18 1951 09:04:02 GMT+0100 (West Africa Standard Time),Nigeria
464,Darby,Dach,Edd77@hotmail.com,624.315.8826 x38941,80A2tJ9pdQ7VbNXZPYgI,Tue Mar 08 1966 16:48:26 GMT+0100 (West Africa Standard Time),Slovenia
465,Kaylin,Bins,Fred_Schaden@hotmail.com,662.635.9045 x58701,ab0QDCfOu6lST0KCvKKL,Wed Aug 13 1986 00:46:43 GMT+0100 (West Africa Standard Time),Haiti
466,Howell,Stamm,Paxton.Frami56@hotmail.com,(710) 761-4223 x2054,VPD38pbh9Zt0CfN9BCRP,Sun Dec 19 1948 04:38:10 GMT+0100 (West Africa Standard Time),United Arab Emirates
467,Oscar,Friesen,Yasmeen.Marquardt16@gmail.com,823-902-6764 x2411,XmYcZ8t0QMlWlyLqOLT8,Fri Oct 25 1974 03:57:44 GMT+0100 (West Africa Standard Time),Falkland Islands (Malvinas)
468,Kitty,Mraz,Garland2@hotmail.com,1-946-458-0942 x0928,njohTE8tln8N18DUAxQ9,Sat Jun 21 1980 21:15:31 GMT+0100 (West Africa Standard Time),Mali
469,Kacie,Rodriguez,Elwin_Jacobs@yahoo.com,(951) 406-6974,JATaECwMJbsZduEdYP1J,Sun Mar 11 1951 02:00:21 GMT+0100 (West Africa Standard Time),Democratic Republic of the Congo
470,Anissa,Renner,Gerard44@yahoo.com,1-717-263-7918,B7W0BByR31Tg4cb7hLym,Fri Aug 03 1979 09:32:31 GMT+0100 (West Africa Standard Time),United Arab Emirates
471,Tianna,Osinski-Lakin,Glennie42@yahoo.com,645-331-4941 x8257,6a1e3gTLGE9d6YY9GQBo,Thu Jul 17 1958 04:37:19 GMT+0100 (West Africa Standard Time),Anguilla
472,Birdie,Denesik,Isabelle_Johns@hotmail.com,1-542-288-0004 x899,nwI4uZ9PC1aj4Na0zJc5,Thu Aug 21 1969 12:43:34 GMT+0100 (West Africa Standard Time),Svalbard & Jan Mayen Islands
473,Daisha,White,Carolyn7@gmail.com,829.659.3936 x741,KeFBthCFbCUWY8cCsFVT,Wed Oct 08 1958 16:10:42 GMT+0100 (West Africa Standard Time),Saint Kitts and Nevis
474,Destiney,Rempel,Ruby74@yahoo.com,(356) 640-4462 x705,KEeDT92AHAPix6i7P0SO,Sat Dec 10 2005 18:19:57 GMT+0100 (West Africa Standard Time),Somalia
475,Mohamed,Parisian,Jack45@gmail.com,594-746-7048 x067,va2LpPtYvLn3UYLbqoRW,Thu Jul 29 2004 10:02:25 GMT+0100 (West Africa Standard Time),Gabon
476,Ernie,Bartell,Claire71@yahoo.com,974.971.7548 x906,S6yprv8g6qoMcR7Xkkmb,Wed Feb 14 1945 11:06:14 GMT+0100 (West Africa Standard Time),Portugal
477,Natasha,Grimes,Rosemarie91@gmail.com,1-838-630-8158 x822,O556ppEU19RhTJ6rlgM4,Tue Nov 11 1958 05:27:31 GMT+0100 (West Africa Standard Time),Faroe Islands
478,Jermaine,McGlynn,Cedrick_Gislason@gmail.com,1-667-957-4447,AfZeNQeXOAc2F554uT9X,Thu Aug 13 1981 07:13:53 GMT+0100 (West Africa Standard Time),Uzbekistan
479,Furman,Howe,Tito_Pagac42@yahoo.com,1-602-926-0945 x95429,BXyYXYDVbJdn4JNttmD4,Sun Nov 18 1956 04:40:52 GMT+0100 (West Africa Standard Time),Reunion
480,Zachariah,Bosco,Matilda.Crona@hotmail.com,747-497-0787,poAXUBHG9ZVupofD2bT2,Wed Aug 17 1966 19:56:08 GMT+0100 (West Africa Standard Time),Uruguay
481,Jessica,Frami,Marta84@hotmail.com,334-972-9651 x441,xKran0iUmnSCuoBbJcny,Mon Aug 12 1991 04:19:07 GMT+0100 (West Africa Standard Time),Japan
482,Wendell,Hermiston,Jeremie9@yahoo.com,424.695.6746 x02521,l0pPP9wzEmu3bNJs5p7q,Fri Jul 04 1947 03:37:40 GMT+0100 (West Africa Standard Time),Bahrain
483,Ena,Mann,Camylle66@yahoo.com,1-747-935-2945,bUQjkhybixo15XkcVFmv,Wed Mar 17 1954 02:52:00 GMT+0100 (West Africa Standard Time),Bahrain
484,Susie,Borer,Buster_Beer-Kessler@hotmail.com,501-283-7845 x3999,vMNaW9BRduhRtZHWPjnB,Sun Oct 08 1950 23:34:17 GMT+0100 (West Africa Standard Time),Svalbard & Jan Mayen Islands
485,Thalia,Kuvalis,Carey91@yahoo.com,249-624-0665 x600,QFIwcK8VEd49jJwRRVKW,Fri Jan 26 1973 14:34:51 GMT+0100 (West Africa Standard Time),Ecuador
486,Hunter,Daugherty,Kurt22@gmail.com,1-582-915-9959 x1045,pRQTYNV1Nqrjcw7KNTsb,Fri Mar 07 1958 16:43:07 GMT+0100 (West Africa Standard Time),United Arab Emirates
487,Gunnar,Fritsch,Timmothy.Gleichner62@hotmail.com,892.540.6193 x76747,IE1PFE8lAgENGzSEtjcv,Sun Jul 07 1991 20:57:15 GMT+0100 (West Africa Standard Time),Algeria
488,Ashtyn,Casper,Winnifred_Abshire@yahoo.com,833-834-4692,W84xayHi6zt7xJvOBB1y,Thu Mar 27 1975 05:38:47 GMT+0100 (West Africa Standard Time),Nigeria
489,Oren,Gottlieb,Reba.Smith@hotmail.com,1-219-241-1148,BgudQJYFIwy0ULSEaAzu,Wed Sep 14 2005 05:05:12 GMT+0100 (West Africa Standard Time),Eswatini
490,Candido,Wyman,Tillman_Mayert@gmail.com,510-928-7679 x2736,ULbVIXdx3haaNH46e0bi,Mon Jan 30 1956 19:39:04 GMT+0100 (West Africa Standard Time),Cuba
491,Mayra,Gusikowski,Estevan_Bruen@hotmail.com,1-622-348-7317 x13792,slDrwuKGw6f2Hc2rIhlC,Sat Aug 05 1961 22:07:40 GMT+0100 (West Africa Standard Time),Costa Rica
492,Herminio,Pouros,Gordon14@gmail.com,1-556-977-3052,qOMMjD8q07O59yb3NwnG,Tue Nov 20 2001 10:18:12 GMT+0100 (West Africa Standard Time),Guadeloupe
493,Kale,Simonis,Jennings.Predovic57@hotmail.com,1-731-829-8832 x011,mQSomc9XWj2CzbiEufN6,Sun Feb 29 1948 04:46:38 GMT+0100 (West Africa Standard Time),Saint Kitts and Nevis
494,Annabel,Fisher,Tyler_Anderson72@yahoo.com,906-336-6879,TQ2EuQ6mCYAxdduBWYeq,Sun Jun 17 1984 19:54:55 GMT+0100 (West Africa Standard Time),Kazakhstan
495,Rosemary,Swift,Brooklyn_Swift77@yahoo.com,404-510-7940 x2918,XyqNrHnGFBM3F46l9SAj,Sat Mar 28 1964 01:52:00 GMT+0100 (West Africa Standard Time),Isle of Man
496,Cayla,O'Connell,Justina.Nitzsche@gmail.com,(393) 571-0440 x5953,E0FW60mQQSXepvUmMIq9,Sat Jul 01 1944 14:03:45 GMT+0100 (West Africa Standard Time),Lebanon
497,Eduardo,Huel,Jakob.Von82@yahoo.com,(459) 594-9111 x46094,iFb4z5VFkAefHD5HzI8q,Sun Feb 19 1978 14:17:59 GMT+0100 (West Africa Standard Time),Sweden
498,Tatum,Abernathy,Muriel6@hotmail.com,1-710-713-5590 x3120,lVgjzROS5FuiE0H7ZW6A,Wed Jun 06 1956 19:36:59 GMT+0100 (West Africa Standard Time),Norfolk Island
499,Lily,Cronin,Nova_Haag19@hotmail.com,1-581-575-1438 x39189,qYug1erEXouwWmEUiHg5,Wed Sep 27 1944 03:15:45 GMT+0100 (West Africa Standard Time),Seychelles
500,Ryder,Kemmer,Cary_Stokes87@yahoo.com,(571) 445-3887 x23782,TD7opZkV8egqgPPT44dz,Mon Jun 27 1988 00:25:59 GMT+0100 (West Africa Standard Time),Mozambique